,상가업소번호,상호명,지점명,상권업종대분류코드,상권업종대분류명,상권업종중분류코드,상권업종중분류명,상권업종소분류코드,상권업종소분류명,표준산업분류코드,표준산업분류명,시도코드,시도명,시군구코드,시군구명,행정동코드,행정동명,법정동코드,법정동명,지번코드,대지구분코드,대지구분명,지번본번지,지번부번지,지번주소,도로명코드,도로명,건물본번지,건물부번지,건물관리번호,건물명,도로명주소,구우편번호,신우편번호,동정보,층정보,호정보,경도,위도
172,MA010120220805470653,남영비비안,,G2,소매,G209,섬유·의복·신발 소매,G20905,기타 의류 소매업,G47413,속옷 및 잠옷 소매업,11,서울특별시,11170,용산구,11170530,남영동,1117010700,동자동,1117010700100430205,1,대지,43,205.0,서울특별시 용산구 동자동 43-205,111702005005,서울특별시 용산구 한강대로,405.0,,1117010700100430205024398,서울역(철도역),서울특별시 용산구 한강대로 405,140761,4320,,3,,126.971711545358,37.5548283309992
760,MA010120220805848569,롯데서울역T.W.C,,G2,소매,G209,섬유·의복·신발 소매,G20910,신발 소매업,G47430,신발 소매업,11,서울특별시,11170,용산구,11170530,남영동,1117010700,동자동,1117010700100430205,1,대지,43,205.0,서울특별시 용산구 동자동 43-205,111702005005,서울특별시 용산구 한강대로,405.0,,1117010700100430205024398,서울역(철도역),서울특별시 용산구 한강대로 405,140761,4320,,2,,126.971711545358,37.5548283309992
5987,MA010120220808001062,옵티마서울약국,,G2,소매,G215,의약·화장품 소매,G21501,약국,G47811,의약품 및 의료용품 소매업,11,서울특별시,11140,중구,11140540,회현동,1114011800,남대문로5가,1114011800105410000,1,대지,541,,서울특별시 중구 남대문로5가 541,111402005005,서울특별시 중구 한강대로,416.0,,1114011800105410000021354,서울스퀘어,서울특별시 중구 한강대로 416,100714,4637,,1,,126.973739611968,37.5554947274348
11832,MA010120220810179114,쥬크롯데아울렛,,G2,소매,G209,섬유·의복·신발 소매,G20902,여성 의류 소매업,G47412,여자용 겉옷 소매업,11,서울특별시,11170,용산구,11170530,남영동,1117010700,동자동,1117010700100430205,1,대지,43,205.0,서울특별시 용산구 동자동 43-205,111702005005,서울특별시 용산구 한강대로,405.0,,1117010700100430205024398,서울역(철도역),서울특별시 용산구 한강대로 405,140761,4320,,2,,126.971711545358,37.5548283309992
14128,MA010120220811793689,오야니핸드백,,G2,소매,G209,섬유·의복·신발 소매,G20911,가방 소매업,G47440,가방 및 기타 가죽제품 소매업,11,서울특별시,11170,용산구,11170530,남영동,1117010700,동자동,1117010700100430205,1,대지,43,205.0,서울특별시 용산구 동자동 43-205,111702005005,서울특별시 용산구 한강대로,405.0,,1117010700100430205024398,서울역(철도역),서울특별시 용산구 한강대로 405,140761,4320,,2,,126.971711545358,37.5548283309992
18358,MA010120220812772698,비알던킨도너츠CF연세세브란스빌딩점,,I2,음식,I210,기타 간이,I21001,빵/도넛,I56221,커피 전문점,11,서울특별시,11140,중구,11140540,회현동,1114011800,남대문로5가,1114011800100840011,1,대지,84,11.0,서울특별시 중구 남대문로5가 84-11,111403000008,서울특별시 중구 통일로,10.0,,1114011800100840011021410,연세대학교세브란스빌딩,서울특별시 중구 통일로 10,100753,4527,,1,,126.973615890497,37.5570884974281
19551,MA010120220813149036,애즈워드,,M1,과학·기술,M105,광고,M10501,광고 대행업,M71310,광고 대행업,11,서울특별시,11140,중구,11140540,회현동,1114011800,남대문로5가,1114011800105410000,1,대지,541,,서울특별시 중구 남대문로5가 541,111402005005,서울특별시 중구 한강대로,416.0,,1114011800105410000021354,서울스퀘어,서울특별시 중구 한강대로 416,100714,4637,,14,,126.973739611968,37.5554947274348
19944,MA010120220813127593,럭셔리애비뉴,,G2,소매,G209,섬유·의복·신발 소매,G20911,가방 소매업,G47440,가방 및 기타 가죽제품 소매업,11,서울특별시,11170,용산구,11170530,남영동,1117010700,동자동,1117010700100430205,1,대지,43,205.0,서울특별시 용산구 동자동 43-205,111702005005,서울특별시 용산구 한강대로,405.0,,1117010700100430205024398,서울역(철도역),서울특별시 용산구 한강대로 405,140761,4320,,2,,126.971711545358,37.5548283309992
21579,MA010120220813782210,씨인베스트먼트그룹,,L1,부동산,L102,부동산 서비스,L10203,부동산 중개/대리업,L68221,부동산 중개 및 대리업,11,서울특별시,11140,중구,11140540,회현동,1114011800,남대문로5가,1114011800105410000,1,대지,541,,서울특별시 중구 남대문로5가 541,111402005005,서울특별시 중구 한강대로,416.0,,1114011800105410000021354,서울스퀘어,서울특별시 중구 한강대로 416,100714,4637,,14,,126.973739611968,37.5554947274348
22727,MA010120220814016641,내셔널지오그래픽,,G2,소매,G209,섬유·의복·신발 소매,G20905,기타 의류 소매업,G47419,기타 의복 소매업,11,서울특별시,11170,용산구,11170530,남영동,1117010700,동자동,1117010700100430205,1,대지,43,205.0,서울특별시 용산구 동자동 43-205,111702005005,서울특별시 용산구 한강대로,405.0,,1117010700100430205024398,서울역(철도역),서울특별시 용산구 한강대로 405,140761,4320,,4,,126.971711545358,37.5548283309992
26050,MA010120220800138135,연세건치과의원,,Q1,보건의료,Q102,의원,Q10210,치과의원,Q86202,치과의원,11,서울특별시,11140,중구,11140540,회현동,1114011800,남대문로5가,1114011800105410000,1,대지,541,,서울특별시 중구 남대문로5가 541,111402005005,서울특별시 중구 한강대로,416.0,,1114011800105410000021354,서울스퀘어,서울특별시 중구 한강대로 416,100714,4637,,1,,126.973739611968,37.5554947274348
26099,MA010120220800138936,브라운돈까스서울,,I2,음식,I204,서양식,I20401,경양식,I56123,서양식 음식점업,11,서울특별시,11140,중구,11140540,회현동,1114011800,남대문로5가,1114011800105410000,1,대지,541,,서울특별시 중구 남대문로5가 541,111402005005,서울특별시 중구 한강대로,416.0,,1114011800105410000021354,서울스퀘어,서울특별시 중구 한강대로 416,100714,4637,,1,,126.973739611968,37.5554947274348
27205,MA010120220800167112,연세대학교세브란스헬스체크업의원,,Q1,보건의료,Q102,의원,Q10212,방사선 진단/병리 검사 의원,Q86204,방사선 진단 및 병리 검사 의원,11,서울특별시,11140,중구,11140540,회현동,1114011800,남대문로5가,1114011800100840011,1,대지,84,11.0,서울특별시 중구 남대문로5가 84-11,111403000008,서울특별시 중구 통일로,10.0,,1114011800100840011021410,연세대학교세브란스빌딩,서울특별시 중구 통일로 10,100753,4527,,5,,126.973615890497,37.5570884974281
32424,MA010120220800746413,비오비골프,,G2,소매,G209,섬유·의복·신발 소매,G20905,기타 의류 소매업,G47414,셔츠 및 블라우스 소매업,11,서울특별시,11170,용산구,11170530,남영동,1117010700,동자동,1117010700100430205,1,대지,43,205.0,서울특별시 용산구 동자동 43-205,111702005005,서울특별시 용산구 한강대로,405.0,,1117010700100430205024398,서울역(철도역),서울특별시 용산구 한강대로 405,140761,4320,,4,,126.971711545358,37.5548283309992
35495,MA010120220800957691,하치,,I2,음식,I203,일식,I20301,일식 회/초밥,I56122,일식 음식점업,11,서울특별시,11170,용산구,11170530,남영동,1117010700,동자동,1117010700100430050,1,대지,43,50.0,서울특별시 용산구 동자동 43-50,111702005005,서울특별시 용산구 한강대로,401.0,2.0,1117010700100430050023028,,서울특별시 용산구 한강대로 401-2,140821,4320,,,,126.972274712624,37.5542025044847
36028,MA010120220801835659,리본,,G2,소매,G209,섬유·의복·신발 소매,G20902,여성 의류 소매업,G47412,여자용 겉옷 소매업,11,서울특별시,11170,용산구,11170530,남영동,1117010700,동자동,1117010700100430205,1,대지,43,205.0,서울특별시 용산구 동자동 43-205,111702005005,서울특별시 용산구 한강대로,405.0,,1117010700100430205024398,서울역(철도역),서울특별시 용산구 한강대로 405,140761,4320,,3,,126.971711545358,37.5548283309992
37613,MA010120220802860214,도쿄스테이크서울,,I2,음식,I204,서양식,I20402,파스타/스테이크,I56122,일식 음식점업,11,서울특별시,11140,중구,11140540,회현동,1114011800,남대문로5가,1114011800105410000,1,대지,541,,서울특별시 중구 남대문로5가 541,111402005005,서울특별시 중구 한강대로,416.0,,1114011800105410000021354,서울스퀘어,서울특별시 중구 한강대로 416,100714,4637,,1,,126.973739611968,37.5554947274348
38194,MA010120220803240982,알래스카랩,,I2,음식,I210,기타 간이,I21007,김밥/만두/분식,I56194,김밥 및 기타 간이 음식점업,11,서울특별시,11140,중구,11140540,회현동,1114011800,남대문로5가,1114011800105410000,1,대지,541,,서울특별시 중구 남대문로5가 541,111402005005,서울특별시 중구 한강대로,416.0,,1114011800105410000021354,서울스퀘어,서울특별시 중구 한강대로 416,100714,4637,,1,,126.973739611968,37.5554947274348
41055,MA010120220803558869,타이타늄22,,M1,과학·기술,M105,광고,M10501,광고 대행업,M71310,광고 대행업,11,서울특별시,11140,중구,11140540,회현동,1114011800,남대문로5가,1114011800105410000,1,대지,541,,서울특별시 중구 남대문로5가 541,111402005005,서울특별시 중구 한강대로,416.0,,1114011800105410000021354,서울스퀘어,서울특별시 중구 한강대로 416,100714,4637,,20,,126.973739611968,37.5554947274348
43367,MA010120220803948483,서울중앙약국,,G2,소매,G215,의약·화장품 소매,G21501,약국,G47811,의약품 및 의료용품 소매업,11,서울특별시,11170,용산구,11170530,남영동,1117010700,동자동,1117010700100430205,1,대지,43,205.0,서울특별시 용산구 동자동 43-205,111702005005,서울특별시 용산구 한강대로,405.0,,1117010700100430205024398,서울역(철도역),서울특별시 용산구 한강대로 405,140761,4320,,1,,126.971711545358,37.5548283309992
44379,MA010120220804018738,글로리아,,G2,소매,G204,종합 소매,G20404,슈퍼마켓,G47129,기타 음ㆍ식료품 위주 종합 소매업,11,서울특별시,11140,중구,11140540,회현동,1114011800,남대문로5가,1114011800105410000,1,대지,541,,서울특별시 중구 남대문로5가 541,111402005005,서울특별시 중구 한강대로,416.0,,1114011800105410000021354,서울스퀘어,서울특별시 중구 한강대로 416,100714,4637,,12,,126.973739611968,37.5554947274348
50299,MA010120220805060374,롯데아울렛카운테스마라,,G2,소매,G209,섬유·의복·신발 소매,G20901,남성 의류 소매업,G47411,남자용 겉옷 소매업,11,서울특별시,11170,용산구,11170530,남영동,1117010700,동자동,1117010700100430205,1,대지,43,205.0,서울특별시 용산구 동자동 43-205,111702005005,서울특별시 용산구 한강대로,405.0,,1117010700100430205024398,서울역(철도역),서울특별시 용산구 한강대로 405,140761,4320,,3,,126.971711545358,37.5548283309992
51037,MA010120220805158160,메르세데스벤츠모빌리티,,N1,시설관리·임대,N109,운송장비 대여,N10901,자동차 대여업,N76110,자동차 임대업,11,서울특별시,11140,중구,11140540,회현동,1114011800,남대문로5가,1114011800105410000,1,대지,541,,서울특별시 중구 남대문로5가 541,111402005005,서울특별시 중구 한강대로,416.0,,1114011800105410000021354,서울스퀘어,서울특별시 중구 한강대로 416,100714,4637,,9,,126.973739611968,37.5554947274348
52418,MA0101202209A0082986,디엔프라퍼티스제1호,,M1,과학·기술,M107,본사·경영 컨설팅,M10703,경영 컨설팅업,M71531,경영 컨설팅업,11,서울특별시,11140,중구,11140540,회현동,1114011800,남대문로5가,1114011800105410000,1,대지,541,,서울특별시 중구 남대문로5가 541,111402005005,서울특별시 중구 한강대로,416.0,,1114011800105410000021354,서울스퀘어,서울특별시 중구 한강대로 416,100714,4637,,4,,126.973739611968,37.5554947274348
52830,MA0101202209A0088199,파스쿠찌센트로서울점,,I2,음식,I212,비알코올 ,I21201,카페,I56192,"피자, 햄버거, 샌드위치 및 유사 음식점업",11,서울특별시,11140,중구,11140540,회현동,1114011800,남대문로5가,1114011800105410000,1,대지,541,,서울특별시 중구 남대문로5가 541,111402005005,서울특별시 중구 한강대로,416.0,,1114011800105410000021354,서울스퀘어,서울특별시 중구 한강대로 416,100714,4637,,1,,126.973739611968,37.5554947274348
53986,MA0106202301A0054307,코레일유통,,G2,소매,G204,종합 소매,G20404,슈퍼마켓,G47129,기타 음ㆍ식료품 위주 종합 소매업,11,서울특별시,11170,용산구,11170530,남영동,1117010700,동자동,1117010700100430205,1,대지,43,205.0,서울특별시 용산구 동자동 43-205,111702005005,서울특별시 용산구 한강대로,405.0,,1117010700100430205024398,서울역(철도역),서울특별시 용산구 한강대로 405,140761,4320,,1,,126.971711545358,37.5548283309992
56537,MA0101202305A0206480,엠케이티코엘티디,,M1,과학·기술,M107,본사·경영 컨설팅,M10703,경영 컨설팅업,M71531,경영 컨설팅업,11,서울특별시,11140,중구,11140540,회현동,1114011800,남대문로5가,1114011800105410000,1,대지,541,,서울특별시 중구 남대문로5가 541,111402005005,서울특별시 중구 한강대로,416.0,,1114011800105410000021354,서울스퀘어,서울특별시 중구 한강대로 416,100714,4637,,14,,126.973739611968,37.5554947274348
59683,MA0101202308A0002220,스토리웨이편의점서울역지하통로,,G2,소매,G204,종합 소매,G20405,편의점,N75999,그 외 기타 분류 안된 사업 지원 서비스업,11,서울특별시,11170,용산구,11170530,남영동,1117010700,동자동,1117010700100430205,1,대지,43,205.0,서울특별시 용산구 동자동 43-205,111702005005,서울특별시 용산구 한강대로,405.0,,1117010700100430205024398,서울역(철도역),서울특별시 용산구 한강대로 405,140761,4320,,,,126.971711545358,37.5548283309992
61561,MA010120220805468097,롯데아울렛블랙야크,,G2,소매,G209,섬유·의복·신발 소매,G20905,기타 의류 소매업,G47419,기타 의복 소매업,11,서울특별시,11170,용산구,11170530,남영동,1117010700,동자동,1117010700100430205,1,대지,43,205.0,서울특별시 용산구 동자동 43-205,111702005005,서울특별시 용산구 한강대로,405.0,,1117010700100430205024398,서울역(철도역),서울특별시 용산구 한강대로 405,140761,4320,,,,126.971711545358,37.5548283309992
62555,MA010120220806136848,바나나코딩,,P1,교육,P106,기타 교육,P10627,컴퓨터 학원,P85691,컴퓨터 학원,11,서울특별시,11140,중구,11140540,회현동,1114011800,남대문로5가,1114011800105410000,1,대지,541,,서울특별시 중구 남대문로5가 541,111402005005,서울특별시 중구 한강대로,416.0,,1114011800105410000021354,서울스퀘어,서울특별시 중구 한강대로 416,100714,4637,,5,,126.973739611968,37.5554947274348
62942,MA010120220806403806,입셀론바이오,,G2,소매,G205,식료품 소매,G20508,건강보조식품 소매업,G47217,건강 보조식품 소매업,11,서울특별시,11140,중구,11140540,회현동,1114011800,남대문로5가,1114011800105410000,1,대지,541,,서울특별시 중구 남대문로5가 541,111402005005,서울특별시 중구 한강대로,416.0,,1114011800105410000021354,서울스퀘어,서울특별시 중구 한강대로 416,100714,4637,,14,,126.973739611968,37.5554947274348
65862,MA010120220807171661,서울역연세공감,,G2,소매,G205,식료품 소매,G20508,건강보조식품 소매업,G47217,건강 보조식품 소매업,11,서울특별시,11140,중구,11140540,회현동,1114011800,남대문로5가,1114011800105370000,1,대지,537,,서울특별시 중구 남대문로5가 537,111403101011,서울특별시 중구 퇴계로,10.0,,1114011800105370000021773,메트로타워,서울특별시 중구 퇴계로 10,100722,4637,,4,,126.974328893481,37.5562657344346
68313,MA010120220808316810,닥스셔츠롯데,,G2,소매,G209,섬유·의복·신발 소매,G20905,기타 의류 소매업,G47414,셔츠 및 블라우스 소매업,11,서울특별시,11170,용산구,11170530,남영동,1117010700,동자동,1117010700100430205,1,대지,43,205.0,서울특별시 용산구 동자동 43-205,111702005005,서울특별시 용산구 한강대로,405.0,,1117010700100430205024398,서울역(철도역),서울특별시 용산구 한강대로 405,140761,4320,,3,,126.971711545358,37.5548283309992
68337,MA010120220808314207,볼빅롯데서울역,,G2,소매,G209,섬유·의복·신발 소매,G20905,기타 의류 소매업,G47419,기타 의복 소매업,11,서울특별시,11170,용산구,11170530,남영동,1117010700,동자동,1117010700100430205,1,대지,43,205.0,서울특별시 용산구 동자동 43-205,111702005005,서울특별시 용산구 한강대로,405.0,,1117010700100430205024398,서울역(철도역),서울특별시 용산구 한강대로 405,140761,4320,,3,,126.971711545358,37.5548283309992
71158,MA010120220809712631,킹콩부대찌개연세세브란스빌딩점,,I2,음식,I201,한식,I20102,국/탕/찌개류,I56111,한식 일반 음식점업,11,서울특별시,11140,중구,11140540,회현동,1114011800,남대문로5가,1114011800100840011,1,대지,84,11.0,서울특별시 중구 남대문로5가 84-11,111403000008,서울특별시 중구 통일로,10.0,,1114011800100840011021410,연세대학교세브란스빌딩,서울특별시 중구 통일로 10,100753,4527,,1,,126.973615890497,37.5570884974281
73623,MA010120220810353613,허니케이컴퍼니,,M1,과학·기술,M105,광고,M10501,광고 대행업,M71310,광고 대행업,11,서울특별시,11140,중구,11140540,회현동,1114011800,남대문로5가,1114011800105410000,1,대지,541,,서울특별시 중구 남대문로5가 541,111402005005,서울특별시 중구 한강대로,416.0,,1114011800105410000021354,서울스퀘어,서울특별시 중구 한강대로 416,100714,4637,,14,,126.973739611968,37.5554947274348
75980,MA010120220811903938,승헌제화,,G2,소매,G209,섬유·의복·신발 소매,G20910,신발 소매업,G47430,신발 소매업,11,서울특별시,11170,용산구,11170530,남영동,1117010700,동자동,1117010700100430205,1,대지,43,205.0,서울특별시 용산구 동자동 43-205,111702005005,서울특별시 용산구 한강대로,405.0,,1117010700100430205024398,서울역(철도역),서울특별시 용산구 한강대로 405,140761,4320,,2,,126.971711545358,37.5548283309992
81157,MA010120220813165316,롯데탑스,,G2,소매,G209,섬유·의복·신발 소매,G20911,가방 소매업,G47440,가방 및 기타 가죽제품 소매업,11,서울특별시,11170,용산구,11170530,남영동,1117010700,동자동,1117010700100430205,1,대지,43,205.0,서울특별시 용산구 동자동 43-205,111702005005,서울특별시 용산구 한강대로,405.0,,1117010700100430205024398,서울역(철도역),서울특별시 용산구 한강대로 405,140761,4320,,,,126.971711545358,37.5548283309992
81887,MA010120220813509956,프리지아,,G2,소매,G209,섬유·의복·신발 소매,G20907,액세서리/잡화 소매업,G47422,의복 액세서리 및 모조 장신구 소매업,11,서울특별시,11170,용산구,11170530,남영동,1117010700,동자동,1117010700100430205,1,대지,43,205.0,서울특별시 용산구 동자동 43-205,111702005005,서울특별시 용산구 한강대로,405.0,,1117010700100430205024398,서울역(철도역),서울특별시 용산구 한강대로 405,140761,4320,,1,,126.971711545358,37.5548283309992
82911,MA010120220813729261,피오,,R1,예술·스포츠,R103,스포츠 서비스,R10307,헬스장,R91132,체력 단련시설 운영업,11,서울특별시,11140,중구,11140540,회현동,1114011800,남대문로5가,1114011800105410000,1,대지,541,,서울특별시 중구 남대문로5가 541,111402005005,서울특별시 중구 한강대로,416.0,,1114011800105410000021354,서울스퀘어,서울특별시 중구 한강대로 416,100714,4637,,13,,126.973739611968,37.5554947274348
83126,MA010120220813685487,르니앤맥코이,,G2,소매,G209,섬유·의복·신발 소매,G20902,여성 의류 소매업,G47412,여자용 겉옷 소매업,11,서울특별시,11170,용산구,11170530,남영동,1117010700,동자동,1117010700100430205,1,대지,43,205.0,서울특별시 용산구 동자동 43-205,111702005005,서울특별시 용산구 한강대로,405.0,,1117010700100430205024398,서울역(철도역),서울특별시 용산구 한강대로 405,140761,4320,,2,,126.971711545358,37.5548283309992
85089,MA010120220814226793,베링하우스유한책임회사영업소,,M1,과학·기술,M115,기타 전문 과학,M11502,번역/통역 서비스업,M73902,번역 및 통역 서비스업,11,서울특별시,11140,중구,11140540,회현동,1114011800,남대문로5가,1114011800105410000,1,대지,541,,서울특별시 중구 남대문로5가 541,111402005005,서울특별시 중구 한강대로,416.0,,1114011800105410000021354,서울스퀘어,서울특별시 중구 한강대로 416,100714,4637,,14,,126.973739611968,37.5554947274348
87221,MA010120220800137432,금국,,I2,음식,I203,일식,I20301,일식 회/초밥,I56122,일식 음식점업,11,서울특별시,11140,중구,11140540,회현동,1114011800,남대문로5가,1114011800100840011,1,대지,84,11.0,서울특별시 중구 남대문로5가 84-11,111403000008,서울특별시 중구 통일로,10.0,,1114011800100840011021410,연세대학교세브란스빌딩,서울특별시 중구 통일로 10,100753,4527,,1,,126.973615890497,37.5570884974281
87232,MA010120220800132674,GS25서울,,G2,소매,G204,종합 소매,G20405,편의점,G47122,체인화 편의점,11,서울특별시,11140,중구,11140540,회현동,1114011800,남대문로5가,1114011800105410000,1,대지,541,,서울특별시 중구 남대문로5가 541,111402005005,서울특별시 중구 한강대로,416.0,,1114011800105410000021354,서울스퀘어,서울특별시 중구 한강대로 416,100714,4637,,,,126.973739611968,37.5554947274348
87295,MA010120220800138366,박가부대,,I2,음식,I201,한식,I20102,국/탕/찌개류,I56111,한식 일반 음식점업,11,서울특별시,11140,중구,11140540,회현동,1114011800,남대문로5가,1114011800105410000,1,대지,541,,서울특별시 중구 남대문로5가 541,111402005005,서울특별시 중구 한강대로,416.0,,1114011800105410000021354,서울스퀘어,서울특별시 중구 한강대로 416,100714,4637,,1,,126.973739611968,37.5554947274348
87507,MA010120220800126594,원스튜디오,,M1,과학·기술,M113,사진 촬영,M11301,사진촬영업,M73301,인물 사진 및 행사용 영상 촬영업,11,서울특별시,11140,중구,11140540,회현동,1114011800,남대문로5가,1114011800100840011,1,대지,84,11.0,서울특별시 중구 남대문로5가 84-11,111403000008,서울특별시 중구 통일로,10.0,,1114011800100840011021410,연세대학교세브란스빌딩,서울특별시 중구 통일로 10,100753,4527,,1,,126.973615890497,37.5570884974281
91151,MA010120220800316170,파리크라상샌드위치,,I2,음식,I210,기타 간이,I21001,빵/도넛,I56191,제과점업,11,서울특별시,11170,용산구,11170530,남영동,1117010700,동자동,1117010700100430205,1,대지,43,205.0,서울특별시 용산구 동자동 43-205,111702005005,서울특별시 용산구 한강대로,405.0,,1117010700100430205024398,서울역(철도역),서울특별시 용산구 한강대로 405,140761,4320,,2,,126.971711545358,37.5548283309992
96022,MA010120220801060044,현대오일뱅크서울지사,,G2,소매,G214,연료 소매,G21401,주유소,G47711,운송장비용 주유소 운영업,11,서울특별시,11140,중구,11140540,회현동,1114011800,남대문로5가,1114011800100840011,1,대지,84,11.0,서울특별시 중구 남대문로5가 84-11,111403000008,서울특별시 중구 통일로,10.0,,1114011800100840011021410,연세대학교세브란스빌딩,서울특별시 중구 통일로 10,100753,4527,,20,,126.973615890497,37.5570884974281
97248,MA010120220801812274,컬럼비아,,G2,소매,G209,섬유·의복·신발 소매,G20905,기타 의류 소매업,G47419,기타 의복 소매업,11,서울특별시,11170,용산구,11170530,남영동,1117010700,동자동,1117010700100430205,1,대지,43,205.0,서울특별시 용산구 동자동 43-205,111702005005,서울특별시 용산구 한강대로,405.0,,1117010700100430205024398,서울역(철도역),서울특별시 용산구 한강대로 405,140761,4320,,4,,126.971711545358,37.5548283309992
97593,MA010120220802017104,서울돈까스,,I2,음식,I204,서양식,I20401,경양식,I56194,김밥 및 기타 간이 음식점업,11,서울특별시,11170,용산구,11170530,남영동,1117010700,동자동,1117010700100430205,1,대지,43,205.0,서울특별시 용산구 동자동 43-205,111702005005,서울특별시 용산구 한강대로,405.0,,1117010700100430205024398,서울역(철도역),서울특별시 용산구 한강대로 405,140761,4320,,1,,126.971711545358,37.5548283309992
100387,MA010120220803507224,소다서울역사점,,G2,소매,G209,섬유·의복·신발 소매,G20910,신발 소매업,G47430,신발 소매업,11,서울특별시,11170,용산구,11170530,남영동,1117010700,동자동,1117010700100430205,1,대지,43,205.0,서울특별시 용산구 동자동 43-205,111702005005,서울특별시 용산구 한강대로,405.0,,1117010700100430205024398,서울역(철도역),서울특별시 용산구 한강대로 405,140761,4320,,2,,126.971711545358,37.5548283309992
103809,MA010120220803864889,미셸서울역,,G2,소매,G209,섬유·의복·신발 소매,G20910,신발 소매업,G47430,신발 소매업,11,서울특별시,11170,용산구,11170530,남영동,1117010700,동자동,1117010700100430205,1,대지,43,205.0,서울특별시 용산구 동자동 43-205,111702005005,서울특별시 용산구 한강대로,405.0,,1117010700100430205024398,서울역(철도역),서울특별시 용산구 한강대로 405,140761,4320,,2,,126.971711545358,37.5548283309992
107812,MA010120220804317859,순대실록연세세브란스빌딩점,,I2,음식,I201,한식,I20102,국/탕/찌개류,I56111,한식 일반 음식점업,11,서울특별시,11140,중구,11140540,회현동,1114011800,남대문로5가,1114011800100840011,1,대지,84,11.0,서울특별시 중구 남대문로5가 84-11,111403000008,서울특별시 중구 통일로,10.0,,1114011800100840011021410,연세대학교세브란스빌딩,서울특별시 중구 통일로 10,100753,4527,,1,,126.973615890497,37.5570884974281
111932,MA010120220805232117,앤티앤스프레즐,,I2,음식,I210,기타 간이,I21099,그 외 기타 간이 음식점,I56199,간이 음식 포장 판매 전문점,11,서울특별시,11170,용산구,11170530,남영동,1117010700,동자동,1117010700100430205,1,대지,43,205.0,서울특별시 용산구 동자동 43-205,111702005005,서울특별시 용산구 한강대로,405.0,,1117010700100430205024398,서울역(철도역),서울특별시 용산구 한강대로 405,140761,4320,,2,,126.971711545358,37.5548283309992
114727,MA0106202301A0926490,더플레이스서울,스퀘어점,I2,음식,I210,기타 간이,I21003,피자,I56192,"피자, 햄버거, 샌드위치 및 유사 음식점업",11,서울특별시,11140,중구,11140540,회현동,1114011800,남대문로5가,1114011800105410000,1,대지,541,,서울특별시 중구 남대문로5가 541,111402005005,서울특별시 중구 한강대로,416.0,,1114011800105410000021354,서울스퀘어,서울특별시 중구 한강대로 416,100714,4637,,,,126.973739611968,37.5554947274348
115105,MA0106202301A2309886,쿡밥집,,I2,음식,I201,한식,I20101,백반/한정식,I56111,한식 일반 음식점업,11,서울특별시,11140,중구,11140540,회현동,1114011800,남대문로5가,1114011800105410000,1,대지,541,,서울특별시 중구 남대문로5가 541,111402005005,서울특별시 중구 한강대로,416.0,,1114011800105410000021354,서울스퀘어,서울특별시 중구 한강대로 416,100714,4637,,B1,,126.973739611968,37.5554947274348
115106,MA0106202301A2309887,크레이지후라이서울,스퀘어점,I2,음식,I210,기타 간이,I21007,김밥/만두/분식,I56111,한식 일반 음식점업,11,서울특별시,11140,중구,11140540,회현동,1114011800,남대문로5가,1114011800105410000,1,대지,541,,서울특별시 중구 남대문로5가 541,111402005005,서울특별시 중구 한강대로,416.0,,1114011800105410000021354,서울스퀘어,서울특별시 중구 한강대로 416,100714,4637,,B1,,126.973739611968,37.5554947274348
115243,MA0106202301A2105989,브릭샌드,서울역점,I2,음식,I210,기타 간이,I21001,빵/도넛,I56191,제과점업,11,서울특별시,11170,용산구,11170530,남영동,1117010700,동자동,1117010700100430205,1,대지,43,205.0,서울특별시 용산구 동자동 43-205,111702005005,서울특별시 용산구 한강대로,405.0,,1117010700100430205024398,서울역(철도역),서울특별시 용산구 한강대로 405,140761,4320,,1,,126.971711545358,37.5548283309992
119706,MA0106202307A0467202,오픈-서울로인서울점,,I2,음식,I203,일식,I20301,일식 회/초밥,I56122,일식 음식점업,11,서울특별시,11140,중구,11140540,회현동,1114011800,남대문로5가,1114011800105410000,1,대지,541,,서울특별시 중구 남대문로5가 541,111402005005,서울특별시 중구 한강대로,416.0,,1114011800105410000021354,서울스퀘어,서울특별시 중구 한강대로 416,100714,4637,,1,,126.973739611968,37.5554947274348
123936,MA010120220806360265,롯데아울렛SI,,G2,소매,G209,섬유·의복·신발 소매,G20902,여성 의류 소매업,G47412,여자용 겉옷 소매업,11,서울특별시,11170,용산구,11170530,남영동,1117010700,동자동,1117010700100430205,1,대지,43,205.0,서울특별시 용산구 동자동 43-205,111702005005,서울특별시 용산구 한강대로,405.0,,1117010700100430205024398,서울역(철도역),서울특별시 용산구 한강대로 405,140761,4320,,3,,126.971711545358,37.5548283309992
124878,MA010120220806603925,팀와이퍼,,S2,수리·개인,S203,자동차 수리·세차,S20302,자동차 세차장,S95213,자동차 세차업,11,서울특별시,11140,중구,11140540,회현동,1114011800,남대문로5가,1114011800105410000,1,대지,541,,서울특별시 중구 남대문로5가 541,111402005005,서울특별시 중구 한강대로,416.0,,1114011800105410000021354,서울스퀘어,서울특별시 중구 한강대로 416,100714,4637,,13,,126.973739611968,37.5554947274348
129890,MA010120220808447588,롯데서울역아울렛크록스,,G2,소매,G209,섬유·의복·신발 소매,G20910,신발 소매업,G47430,신발 소매업,11,서울특별시,11170,용산구,11170530,남영동,1117010700,동자동,1117010700100430205,1,대지,43,205.0,서울특별시 용산구 동자동 43-205,111702005005,서울특별시 용산구 한강대로,405.0,,1117010700100430205024398,서울역(철도역),서울특별시 용산구 한강대로 405,140761,4320,,4,,126.971711545358,37.5548283309992
130770,MA010120220808746070,아프리카안경서울,,G2,소매,G216,안경·정밀기기 소매,G21602,안경렌즈 소매업,G47822,안경 및 렌즈 소매업,11,서울특별시,11140,중구,11140540,회현동,1114011800,남대문로5가,1114011800105410000,1,대지,541,,서울특별시 중구 남대문로5가 541,111402005005,서울특별시 중구 한강대로,416.0,,1114011800105410000021354,서울스퀘어,서울특별시 중구 한강대로 416,100714,4637,,1,,126.973739611968,37.5554947274348
131633,MA010120220809400127,방배김밥이만든라이스쉐프서울,,I2,음식,I210,기타 간이,I21007,김밥/만두/분식,I56194,김밥 및 기타 간이 음식점업,11,서울특별시,11140,중구,11140540,회현동,1114011800,남대문로5가,1114011800105410000,1,대지,541,,서울특별시 중구 남대문로5가 541,111402005005,서울특별시 중구 한강대로,416.0,,1114011800105410000021354,서울스퀘어,서울특별시 중구 한강대로 416,100714,4637,,1,,126.973739611968,37.5554947274348
132396,MA010120220809598614,삼십육점구도씨,,M1,과학·기술,M105,광고,M10504,광고물 설계/제작업,M71393,"광고물 문안, 도안, 설계 등 작성업",11,서울특별시,11140,중구,11140540,회현동,1114011800,남대문로5가,1114011800105410000,1,대지,541,,서울특별시 중구 남대문로5가 541,111402005005,서울특별시 중구 한강대로,416.0,,1114011800105410000021354,서울스퀘어,서울특별시 중구 한강대로 416,100714,4637,,13,,126.973739611968,37.5554947274348
138159,MA010120220812125631,굿필링인터네셔널,,N1,시설관리·임대,N105,여행사·보조,N10501,여행사,N75210,여행사업,11,서울특별시,11140,중구,11140540,회현동,1114011800,남대문로5가,1114011800105410000,1,대지,541,,서울특별시 중구 남대문로5가 541,111402005005,서울특별시 중구 한강대로,416.0,,1114011800105410000021354,서울스퀘어,서울특별시 중구 한강대로 416,100714,4637,,14,,126.973739611968,37.5554947274348
138322,MA010120220812333832,더치앤빈,,I2,음식,I212,비알코올 ,I21201,카페,I56221,커피 전문점,11,서울특별시,11140,중구,11140540,회현동,1114011800,남대문로5가,1114011800105570000,1,대지,557,,서울특별시 중구 남대문로5가 557,111402005005,서울특별시 중구 한강대로,410.0,,1114011800105670000021845,서울남대문경찰서,서울특별시 중구 한강대로 410,100802,4637,,1,,126.97345563928,37.5547443932319
138828,MA010120220812460999,서울역로또명당,,G2,소매,G204,종합 소매,G20404,슈퍼마켓,G47216,"빵류, 과자류 및 당류 소매업",11,서울특별시,11170,용산구,11170530,남영동,1117010700,동자동,1117010700100430051,1,대지,43,51.0,서울특별시 용산구 동자동 43-51,111702005005,서울특별시 용산구 한강대로,401.0,1.0,1117010700100430051023030,,서울특별시 용산구 한강대로 401-1,140821,4320,,,,126.972298953749,37.5540855799168
140611,MA010120220812787264,에프지행정사사무소,,M1,과학·기술,M103,법무관련 ,M10306,행정사,M71109,기타 법무관련 서비스업,11,서울특별시,11140,중구,11140540,회현동,1114011800,남대문로5가,1114011800105410000,1,대지,541,,서울특별시 중구 남대문로5가 541,111402005005,서울특별시 중구 한강대로,416.0,,1114011800105410000021354,서울스퀘어,서울특별시 중구 한강대로 416,100714,4637,,14,,126.973739611968,37.5554947274348
148146,MA010120220800137622,쿱케이팝,,I1,숙박,I101,일반 숙박,I10102,여관/모텔,I55102,여관업,11,서울특별시,11140,중구,11140540,회현동,1114011800,남대문로5가,1114011800105420000,1,대지,542,,서울특별시 중구 남대문로5가 542,111404103406,서울특별시 중구 후암로60길,17.0,,1114011800105520000021666,,서울특별시 중구 후암로60길 17,100802,4637,,,,126.97415676508,37.5547865288139
148198,MA010120220800133641,해랑스시,,I2,음식,I203,일식,I20301,일식 회/초밥,I56122,일식 음식점업,11,서울특별시,11140,중구,11140540,회현동,1114011800,남대문로5가,1114011800100840011,1,대지,84,11.0,서울특별시 중구 남대문로5가 84-11,111403000008,서울특별시 중구 통일로,10.0,,1114011800100840011021410,연세대학교세브란스빌딩,서울특별시 중구 통일로 10,100753,4527,,1,,126.973615890497,37.5570884974281
148488,MA010120220800118397,J&C,,G2,소매,G209,섬유·의복·신발 소매,G20905,기타 의류 소매업,G47414,셔츠 및 블라우스 소매업,11,서울특별시,11140,중구,11140540,회현동,1114011800,남대문로5가,1114011800100840011,1,대지,84,11.0,서울특별시 중구 남대문로5가 84-11,111403000008,서울특별시 중구 통일로,10.0,,1114011800100840011021410,연세대학교세브란스빌딩,서울특별시 중구 통일로 10,100753,4527,,1,,126.973615890497,37.5570884974281
149156,MA010120220800172027,서울스퀘어해초섬,,I2,음식,I201,한식,I20101,백반/한정식,I56111,한식 일반 음식점업,11,서울특별시,11140,중구,11140540,회현동,1114011800,남대문로5가,1114011800105410000,1,대지,541,,서울특별시 중구 남대문로5가 541,111402005005,서울특별시 중구 한강대로,416.0,,1114011800105410000021354,서울스퀘어,서울특별시 중구 한강대로 416,100714,4637,,1,,126.973739611968,37.5554947274348
149905,MA010120220800250482,해리슨커뮤니케이션즈,,M1,과학·기술,M105,광고,M10504,광고물 설계/제작업,M71393,"광고물 문안, 도안, 설계 등 작성업",11,서울특별시,11140,중구,11140540,회현동,1114011800,남대문로5가,1114011800105410000,1,대지,541,,서울특별시 중구 남대문로5가 541,111402005005,서울특별시 중구 한강대로,416.0,,1114011800105410000021354,서울스퀘어,서울특별시 중구 한강대로 416,100714,4637,,14,,126.973739611968,37.5554947274348
153219,MA010120220800588547,아리랑,,I2,음식,I210,기타 간이,I21001,빵/도넛,I56191,제과점업,11,서울특별시,11170,용산구,11170530,남영동,1117010700,동자동,1117010700100430205,1,대지,43,205.0,서울특별시 용산구 동자동 43-205,111702005005,서울특별시 용산구 한강대로,405.0,,1117010700100430205024398,서울역(철도역),서울특별시 용산구 한강대로 405,140761,4320,,2,,126.971711545358,37.5548283309992
154200,MA010120220800708127,다복,,I2,음식,I201,한식,I20101,백반/한정식,I56111,한식 일반 음식점업,11,서울특별시,11170,용산구,11170530,남영동,1117010700,동자동,1117010700100430205,1,대지,43,205.0,서울특별시 용산구 동자동 43-205,111702005005,서울특별시 용산구 한강대로,405.0,,1117010700100430205024398,서울역(철도역),서울특별시 용산구 한강대로 405,140761,4320,,1,,126.971711545358,37.5548283309992
155083,MA010120220800828810,리스트,,G2,소매,G209,섬유·의복·신발 소매,G20902,여성 의류 소매업,G47412,여자용 겉옷 소매업,11,서울특별시,11170,용산구,11170530,남영동,1117010700,동자동,1117010700100430205,1,대지,43,205.0,서울특별시 용산구 동자동 43-205,111702005005,서울특별시 용산구 한강대로,405.0,,1117010700100430205024398,서울역(철도역),서울특별시 용산구 한강대로 405,140761,4320,,,,126.971711545358,37.5548283309992
158934,MA010120220802374945,복성각,,I2,음식,I202,중식,I20201,중국집,I56121,중식 음식점업,11,서울특별시,11140,중구,11140540,회현동,1114011800,남대문로5가,1114011800100840011,1,대지,84,11.0,서울특별시 중구 남대문로5가 84-11,111403000008,서울특별시 중구 통일로,10.0,,1114011800100840011021410,연세대학교세브란스빌딩,서울특별시 중구 통일로 10,100753,4527,,1,,126.973615890497,37.5570884974281
160424,MA010120220803189227,어느,,M1,과학·기술,M109,기술 서비스,M10901,건축 설계 및 관련 서비스업,M72111,건축 설계 및 관련 서비스업,11,서울특별시,11140,중구,11140540,회현동,1114011800,남대문로5가,1114011800105410000,1,대지,541,,서울특별시 중구 남대문로5가 541,111402005005,서울특별시 중구 한강대로,416.0,,1114011800105410000021354,서울스퀘어,서울특별시 중구 한강대로 416,100714,4637,,14,,126.973739611968,37.5554947274348
160923,MA010120220803359875,케이엘엠파트너스,,I2,음식,I202,중식,I20201,중국집,I56121,중식 음식점업,11,서울특별시,11140,중구,11140540,회현동,1114011800,남대문로5가,1114011800105410000,1,대지,541,,서울특별시 중구 남대문로5가 541,111402005005,서울특별시 중구 한강대로,416.0,,1114011800105410000021354,서울스퀘어,서울특별시 중구 한강대로 416,100714,4637,,1,,126.973739611968,37.5554947274348
161341,MA010120220803392384,더블유에스제이파트너스,,M1,과학·기술,M107,본사·경영 컨설팅,M10703,경영 컨설팅업,M71531,경영 컨설팅업,11,서울특별시,11140,중구,11140540,회현동,1114011800,남대문로5가,1114011800105410000,1,대지,541,,서울특별시 중구 남대문로5가 541,111402005005,서울특별시 중구 한강대로,416.0,,1114011800105410000021354,서울스퀘어,서울특별시 중구 한강대로 416,100714,4637,,13,,126.973739611968,37.5554947274348
161477,MA010120220803459324,파리게이츠골프,,G2,소매,G209,섬유·의복·신발 소매,G20905,기타 의류 소매업,G47419,기타 의복 소매업,11,서울특별시,11170,용산구,11170530,남영동,1117010700,동자동,1117010700100430205,1,대지,43,205.0,서울특별시 용산구 동자동 43-205,111702005005,서울특별시 용산구 한강대로,405.0,,1117010700100430205024398,서울역(철도역),서울특별시 용산구 한강대로 405,140761,4320,,3,,126.971711545358,37.5548283309992
170088,MA010120220804484498,메르세데스벤츠파이낸셜서비스,,N1,시설관리·임대,N109,운송장비 대여,N10901,자동차 대여업,N76110,자동차 임대업,11,서울특별시,11140,중구,11140540,회현동,1114011800,남대문로5가,1114011800105410000,1,대지,541,,서울특별시 중구 남대문로5가 541,111402005005,서울특별시 중구 한강대로,416.0,,1114011800105410000021354,서울스퀘어,서울특별시 중구 한강대로 416,100714,4637,,10,,126.973739611968,37.5554947274348
171638,MA010120220804739174,에이치알컨설팅앤서비스,,M1,과학·기술,M107,본사·경영 컨설팅,M10703,경영 컨설팅업,M71531,경영 컨설팅업,11,서울특별시,11140,중구,11140540,회현동,1114011800,남대문로5가,1114011800100840011,1,대지,84,11.0,서울특별시 중구 남대문로5가 84-11,111403000008,서울특별시 중구 통일로,10.0,,1114011800100840011021410,연세대학교세브란스빌딩,서울특별시 중구 통일로 10,100753,4527,,22,,126.973615890497,37.5570884974281
175738,MA0106202301A0610203,후니드SK플래닛서울스퀘어카페점,,I2,음식,I207,구내식당·뷔페,I20701,구내식당,I56130,기관 구내식당업,11,서울특별시,11140,중구,11140540,회현동,1114011800,남대문로5가,1114011800105410000,1,대지,541,,서울특별시 중구 남대문로5가 541,111402005005,서울특별시 중구 한강대로,416.0,,1114011800105410000021354,서울스퀘어,서울특별시 중구 한강대로 416,100714,4637,,,,126.973739611968,37.5554947274348
176089,MA0101202301A0013009,에스디엠엘,,M1,과학·기술,M112,전문 디자인,M11203,시각 디자인업,M73203,시각 디자인업,11,서울특별시,11140,중구,11140540,회현동,1114011800,남대문로5가,1114011800105410000,1,대지,541,,서울특별시 중구 남대문로5가 541,111402005005,서울특별시 중구 한강대로,416.0,,1114011800105410000021354,서울스퀘어,서울특별시 중구 한강대로 416,100714,4637,,13,,126.973739611968,37.5554947274348
176139,MA0106202301A0146644,커피빈서울스퀘어점,코리아,I2,음식,I212,비알코올 ,I21201,카페,I56229,기타 비알코올 음료점업,11,서울특별시,11140,중구,11140540,회현동,1114011800,남대문로5가,1114011800105410000,1,대지,541,,서울특별시 중구 남대문로5가 541,111402005005,서울특별시 중구 한강대로,416.0,,1114011800105410000021354,서울스퀘어,서울특별시 중구 한강대로 416,100714,4637,,,,126.973739611968,37.5554947274348
176181,MA0106202301A1837485,삼성전자판매서울,스퀘어점,G2,소매,G208,가전·통신 소매,G20803,가전제품 소매업,G47320,가전제품 소매업,11,서울특별시,11140,중구,11140540,회현동,1114011800,남대문로5가,1114011800105410000,1,대지,541,,서울특별시 중구 남대문로5가 541,111402005005,서울특별시 중구 한강대로,416.0,,1114011800105410000021354,서울스퀘어,서울특별시 중구 한강대로 416,100714,4637,,1,,126.973739611968,37.5554947274348
177444,MA0106202201A0044562,엔제리너스서울역KTX,,I2,음식,I210,기타 간이,I21003,피자,I56192,"피자, 햄버거, 샌드위치 및 유사 음식점업",11,서울특별시,11170,용산구,11170530,남영동,1117010700,동자동,1117010700100430205,1,대지,43,205.0,서울특별시 용산구 동자동 43-205,111702005005,서울특별시 용산구 한강대로,405.0,,1117010700100430205024398,서울역(철도역),서울특별시 용산구 한강대로 405,140761,4320,,3,,126.971711545358,37.5548283309992
178085,MA0101202305A0052690,컴퍼니효기소야서울,스퀘어점,I2,음식,I210,기타 간이,I21007,김밥/만두/분식,I56194,김밥 및 기타 간이 음식점업,11,서울특별시,11140,중구,11140540,회현동,1114011800,남대문로5가,1114011800105410000,1,대지,541,,서울특별시 중구 남대문로5가 541,111402005005,서울특별시 중구 한강대로,416.0,,1114011800105410000021354,서울스퀘어,서울특별시 중구 한강대로 416,100714,4637,,1,,126.973739611968,37.5554947274348
180415,MA0101202307A0011647,오브민,,I2,음식,I212,비알코올 ,I21201,카페,I56221,커피 전문점,11,서울특별시,11140,중구,11140540,회현동,1114011800,남대문로5가,1114011800105410000,1,대지,541,,서울특별시 중구 남대문로5가 541,111402005005,서울특별시 중구 한강대로,416.0,,1114011800105410000021354,서울스퀘어,서울특별시 중구 한강대로 416,100714,4637,,1,,126.973739611968,37.5554947274348
182482,MA0101202310A0070108,엘시에스,,M1,과학·기술,M107,본사·경영 컨설팅,M10703,경영 컨설팅업,M71531,경영 컨설팅업,11,서울특별시,11140,중구,11140540,회현동,1114011800,남대문로5가,1114011800105410000,1,대지,541,,서울특별시 중구 남대문로5가 541,111402005005,서울특별시 중구 한강대로,416.0,,1114011800105410000021354,서울스퀘어,서울특별시 중구 한강대로 416,100714,4637,,14,,126.973739611968,37.5554947274348
182944,MA0106202310A2298505,십일번가_카카오_대표,,G2,소매,G212,기타 생활용품 소매,G21202,주방/가정용품 소매업,G47599,그 외 기타 분류 안된 가정용품 소매업,11,서울특별시,11140,중구,11140540,회현동,1114011800,남대문로5가,1114011800105410000,1,대지,541,,서울특별시 중구 남대문로5가 541,111402005005,서울특별시 중구 한강대로,416.0,,1114011800105410000021354,서울스퀘어,서울특별시 중구 한강대로 416,100714,4637,,,,126.973739611968,37.5554947274348
183590,MA010120220800122183,구두수선대제68호,,S2,수리·개인,S206,기타 가정용품 수리,S20602,가죽/가방/신발 수선업,S95392,"가죽, 가방 및 신발 수리업",11,서울특별시,11140,중구,11140540,회현동,1114011800,남대문로5가,1114011800105610000,1,대지,561,,서울특별시 중구 남대문로5가 561,111402005005,서울특별시 중구 한강대로,410.0,,1114011800105670000021845,서울남대문경찰서,서울특별시 중구 한강대로 410,100708,4637,,,,126.97345563928,37.5547443932319
193793,MA010120220804908949,앤클라인핸드백롯데아울렛,,G2,소매,G209,섬유·의복·신발 소매,G20911,가방 소매업,G47440,가방 및 기타 가죽제품 소매업,11,서울특별시,11170,용산구,11170530,남영동,1117010700,동자동,1117010700100430205,1,대지,43,205.0,서울특별시 용산구 동자동 43-205,111702005005,서울특별시 용산구 한강대로,405.0,,1117010700100430205024398,서울역(철도역),서울특별시 용산구 한강대로 405,140761,4320,,2,,126.971711545358,37.5548283309992
193921,MA0101202308A0102589,코코이찌방야서울,스퀘어점,I2,음식,I203,일식,I20302,일식 카레/돈가스/덮밥,I56122,일식 음식점업,11,서울특별시,11140,중구,11140540,회현동,1114011800,남대문로5가,1114011800105410000,1,대지,541,,서울특별시 중구 남대문로5가 541,111402005005,서울특별시 중구 한강대로,416.0,,1114011800105410000021354,서울스퀘어,서울특별시 중구 한강대로 416,100714,4637,,1,,126.973739611968,37.5554947274348
195209,MA010120220800803953,봉추찜닭,,I2,음식,I201,한식,I20110,닭/오리고기 구이/찜,I56111,한식 일반 음식점업,11,서울특별시,11140,중구,11140540,회현동,1114011800,남대문로5가,1114011800105410000,1,대지,541,,서울특별시 중구 남대문로5가 541,111402005005,서울특별시 중구 한강대로,416.0,,1114011800105410000021354,서울스퀘어,서울특별시 중구 한강대로 416,100714,4637,,1,,126.973739611968,37.5554947274348
197001,MA010120220813850986,씨씨콜렉트,,G2,소매,G209,섬유·의복·신발 소매,G20902,여성 의류 소매업,G47412,여자용 겉옷 소매업,11,서울특별시,11170,용산구,11170530,남영동,1117010700,동자동,1117010700100430205,1,대지,43,205.0,서울특별시 용산구 동자동 43-205,111702005005,서울특별시 용산구 한강대로,405.0,,1117010700100430205024398,서울역(철도역),서울특별시 용산구 한강대로 405,140761,4320,,,,126.971711545358,37.5548283309992
200989,MA010120220811666302,성진에이치디에스,,M1,과학·기술,M105,광고,M10501,광고 대행업,M71310,광고 대행업,11,서울특별시,11140,중구,11140540,회현동,1114011800,남대문로5가,1114011800105410000,1,대지,541,,서울특별시 중구 남대문로5가 541,111402005005,서울특별시 중구 한강대로,416.0,,1114011800105410000021354,서울스퀘어,서울특별시 중구 한강대로 416,100714,4637,,13,,126.973739611968,37.5554947274348
202863,MA0101202311A0026160,황생가칼국수,,I2,음식,I201,한식,I20105,국수/칼국수,I56111,한식 일반 음식점업,11,서울특별시,11140,중구,11140540,회현동,1114011800,남대문로5가,1114011800105410000,1,대지,541,,서울특별시 중구 남대문로5가 541,111402005005,서울특별시 중구 한강대로,416.0,,1114011800105410000021354,서울스퀘어,서울특별시 중구 한강대로 416,100714,4637,,1,,126.973739611968,37.5554947274348
203566,MA010120220803006693,롯데아울렛디키즈,,G2,소매,G209,섬유·의복·신발 소매,G20905,기타 의류 소매업,G47416,가죽 및 모피 의복 소매업,11,서울특별시,11170,용산구,11170530,남영동,1117010700,동자동,1117010700100430205,1,대지,43,205.0,서울특별시 용산구 동자동 43-205,111702005005,서울특별시 용산구 한강대로,405.0,,1117010700100430205024398,서울역(철도역),서울특별시 용산구 한강대로 405,140761,4320,,4,,126.971711545358,37.5548283309992
206046,MA010120220808702841,포스트커뮤니케이션즈,,M1,과학·기술,M105,광고,M10501,광고 대행업,M71310,광고 대행업,11,서울특별시,11140,중구,11140540,회현동,1114011800,남대문로5가,1114011800105410000,1,대지,541,,서울특별시 중구 남대문로5가 541,111402005005,서울특별시 중구 한강대로,416.0,,1114011800105410000021354,서울스퀘어,서울특별시 중구 한강대로 416,100714,4637,,5,,126.973739611968,37.5554947274348
206410,MA010120220810286926,레드애플서울,,I2,음식,I210,기타 간이,I21001,빵/도넛,I56191,제과점업,11,서울특별시,11140,중구,11140540,회현동,1114011800,남대문로5가,1114011800105410000,1,대지,541,,서울특별시 중구 남대문로5가 541,111402005005,서울특별시 중구 한강대로,416.0,,1114011800105410000021354,서울스퀘어,서울특별시 중구 한강대로 416,100714,4637,,1,,126.973739611968,37.5554947274348
207260,MA010120220804917918,오직,,N1,시설관리·임대,N102,청소·방제,N10202,"산업설비, 운송장비 및 공공장소 청소업",N74212,"산업설비, 운송장비 및 공공장소 청소업",11,서울특별시,11140,중구,11140540,회현동,1114011800,남대문로5가,1114011800100840011,1,대지,84,11.0,서울특별시 중구 남대문로5가 84-11,111403000008,서울특별시 중구 통일로,10.0,,1114011800100840011021410,연세대학교세브란스빌딩,서울특별시 중구 통일로 10,100753,4527,,12,,126.973615890497,37.5570884974281
208107,MA010120220800137987,연세예인의원,,Q1,보건의료,Q102,의원,Q10204,피부/비뇨기과 의원,Q86201,일반의원,11,서울특별시,11140,중구,11140540,회현동,1114011800,남대문로5가,1114011800100840011,1,대지,84,11.0,서울특별시 중구 남대문로5가 84-11,111403000008,서울특별시 중구 통일로,10.0,,1114011800100840011021410,연세대학교세브란스빌딩,서울특별시 중구 통일로 10,100753,4527,,1,,126.973615890497,37.5570884974281
208748,MA010120220814023331,사위식당서울,,I2,음식,I201,한식,I20101,백반/한정식,I56111,한식 일반 음식점업,11,서울특별시,11140,중구,11140540,회현동,1114011800,남대문로5가,1114011800105410000,1,대지,541,,서울특별시 중구 남대문로5가 541,111402005005,서울특별시 중구 한강대로,416.0,,1114011800105410000021354,서울스퀘어,서울특별시 중구 한강대로 416,100714,4637,,1,,126.973739611968,37.5554947274348
211474,MA010120220813096598,다이나핏롯데서울역,,G2,소매,G209,섬유·의복·신발 소매,G20905,기타 의류 소매업,G47419,기타 의복 소매업,11,서울특별시,11170,용산구,11170530,남영동,1117010700,동자동,1117010700100430205,1,대지,43,205.0,서울특별시 용산구 동자동 43-205,111702005005,서울특별시 용산구 한강대로,405.0,,1117010700100430205024398,서울역(철도역),서울특별시 용산구 한강대로 405,140761,4320,,4,,126.971711545358,37.5548283309992
213997,MA010120220813265343,케네스레이디,,G2,소매,G209,섬유·의복·신발 소매,G20902,여성 의류 소매업,G47412,여자용 겉옷 소매업,11,서울특별시,11170,용산구,11170530,남영동,1117010700,동자동,1117010700100430205,1,대지,43,205.0,서울특별시 용산구 동자동 43-205,111702005005,서울특별시 용산구 한강대로,405.0,,1117010700100430205024398,서울역(철도역),서울특별시 용산구 한강대로 405,140761,4320,,3,,126.971711545358,37.5548283309992
214233,MA010120220800133996,호텔릿,,I1,숙박,I101,일반 숙박,I10102,여관/모텔,I55102,여관업,11,서울특별시,11140,중구,11140540,회현동,1114011800,남대문로5가,1114011800105750000,1,대지,575,,서울특별시 중구 남대문로5가 575,111404103406,서울특별시 중구 후암로60길,11.0,,1114011800105750000021965,검무관,서울특별시 중구 후암로60길 11,100803,4637,,,,126.973796368166,37.5546572509236
214944,MA010120220800129126,8월의기린,,I2,음식,I204,서양식,I20401,경양식,I56123,서양식 음식점업,11,서울특별시,11140,중구,11140540,회현동,1114011800,남대문로5가,1114011800100840011,1,대지,84,11.0,서울특별시 중구 남대문로5가 84-11,111403000008,서울특별시 중구 통일로,10.0,,1114011800100840011021410,연세대학교세브란스빌딩,서울특별시 중구 통일로 10,100753,4527,,1,,126.973615890497,37.5570884974281
215860,MA010120220813680441,팬텀,,G2,소매,G209,섬유·의복·신발 소매,G20901,남성 의류 소매업,G47411,남자용 겉옷 소매업,11,서울특별시,11170,용산구,11170530,남영동,1117010700,동자동,1117010700100430205,1,대지,43,205.0,서울특별시 용산구 동자동 43-205,111702005005,서울특별시 용산구 한강대로,405.0,,1117010700100430205024398,서울역(철도역),서울특별시 용산구 한강대로 405,140761,4320,,4,,126.971711545358,37.5548283309992
220672,MA0101202305A0080410,지에스25연세빌딩점,,G2,소매,G204,종합 소매,G20405,편의점,G47122,체인화 편의점,11,서울특별시,11140,중구,11140540,회현동,1114011800,남대문로5가,1114011800100840011,1,대지,84,11.0,서울특별시 중구 남대문로5가 84-11,111403000008,서울특별시 중구 통일로,10.0,,1114011800100840011021410,연세대학교세브란스빌딩,서울특별시 중구 통일로 10,100753,4527,,1,,126.973615890497,37.5570884974281
224747,MA010120220814382191,"서울역7,8번타는곳편의점남홈",,G2,소매,G204,종합 소매,G20405,편의점,G47122,체인화 편의점,11,서울특별시,11170,용산구,11170530,남영동,1117010700,동자동,1117010700100430205,1,대지,43,205.0,서울특별시 용산구 동자동 43-205,111702005005,서울특별시 용산구 한강대로,405.0,,1117010700100430205024398,서울역(철도역),서울특별시 용산구 한강대로 405,140761,4320,,,,126.971711545358,37.5548283309992
226172,MA0101202306A0107325,매그놀리아마켓,,M1,과학·기술,M112,전문 디자인,M11203,시각 디자인업,M73203,시각 디자인업,11,서울특별시,11140,중구,11140540,회현동,1114011800,남대문로5가,1114011800100840011,1,대지,84,11.0,서울특별시 중구 남대문로5가 84-11,111403000008,서울특별시 중구 통일로,10.0,,1114011800100840011021410,연세대학교세브란스빌딩,서울특별시 중구 통일로 10,100753,4527,,17,,126.973615890497,37.5570884974281
228335,MA010120220800137415,슈가링스,,I2,음식,I210,기타 간이,I21099,그 외 기타 간이 음식점,I56199,간이 음식 포장 판매 전문점,11,서울특별시,11140,중구,11140540,회현동,1114011800,남대문로5가,1114011800100840011,1,대지,84,11.0,서울특별시 중구 남대문로5가 84-11,111403000008,서울특별시 중구 통일로,10.0,,1114011800100840011021410,연세대학교세브란스빌딩,서울특별시 중구 통일로 10,100753,4527,,1,,126.973615890497,37.5570884974281
229914,MA0101202212A0060971,조사연구컨설팅올림,,M1,과학·기술,M107,본사·경영 컨설팅,M10703,경영 컨설팅업,M71531,경영 컨설팅업,11,서울특별시,11140,중구,11140540,회현동,1114011800,남대문로5가,1114011800105410000,1,대지,541,,서울특별시 중구 남대문로5가 541,111402005005,서울특별시 중구 한강대로,416.0,,1114011800105410000021354,서울스퀘어,서울특별시 중구 한강대로 416,100714,4637,,14,,126.973739611968,37.5554947274348
234707,MA0106202201A0044561,롯데리아서울역광장,,I2,음식,I210,기타 간이,I21003,피자,I56192,"피자, 햄버거, 샌드위치 및 유사 음식점업",11,서울특별시,11170,용산구,11170530,남영동,1117010700,동자동,1117010700100430205,1,대지,43,205.0,서울특별시 용산구 동자동 43-205,111702005005,서울특별시 용산구 한강대로,405.0,,1117010700100430205024398,서울역(철도역),서울특별시 용산구 한강대로 405,140761,4320,,1,,126.971711545358,37.5548283309992
236740,MA010120220800265279,한양식당,,I2,음식,I201,한식,I20101,백반/한정식,I56111,한식 일반 음식점업,11,서울특별시,11170,용산구,11170530,남영동,1117010700,동자동,1117010700100430050,1,대지,43,50.0,서울특별시 용산구 동자동 43-50,111702005005,서울특별시 용산구 한강대로,401.0,2.0,1117010700100430050023028,,서울특별시 용산구 한강대로 401-2,140821,4320,,1,,126.972274712624,37.5542025044847
236758,MA010120220803029053,홍대개미서울,,I2,음식,I203,일식,I20302,일식 카레/돈가스/덮밥,I56111,한식 일반 음식점업,11,서울특별시,11140,중구,11140540,회현동,1114011800,남대문로5가,1114011800105410000,1,대지,541,,서울특별시 중구 남대문로5가 541,111402005005,서울특별시 중구 한강대로,416.0,,1114011800105410000021354,서울스퀘어,서울특별시 중구 한강대로 416,100714,4637,,1,,126.973739611968,37.5554947274348
237186,MA010120220806822975,컴포즈서울메트로,,I2,음식,I212,비알코올 ,I21201,카페,I56221,커피 전문점,11,서울특별시,11140,중구,11140540,회현동,1114011800,남대문로5가,1114011800105370000,1,대지,537,,서울특별시 중구 남대문로5가 537,111403101011,서울특별시 중구 퇴계로,10.0,,1114011800105370000021773,메트로타워,서울특별시 중구 퇴계로 10,100722,4637,,1,,126.974328893481,37.5562657344346
238452,MA010120220808049748,롯데아울렛본매그넘,,G2,소매,G209,섬유·의복·신발 소매,G20901,남성 의류 소매업,G47411,남자용 겉옷 소매업,11,서울특별시,11170,용산구,11170530,남영동,1117010700,동자동,1117010700100430205,1,대지,43,205.0,서울특별시 용산구 동자동 43-205,111702005005,서울특별시 용산구 한강대로,405.0,,1117010700100430205024398,서울역(철도역),서울특별시 용산구 한강대로 405,140761,4320,,3,,126.971711545358,37.5548283309992
242091,MA0106202301A0475634,더테이스터블티원,서울역점,I2,음식,I201,한식,I20101,백반/한정식,I56111,한식 일반 음식점업,11,서울특별시,11170,용산구,11170530,남영동,1117010700,동자동,1117010700100430205,1,대지,43,205.0,서울특별시 용산구 동자동 43-205,111702005005,서울특별시 용산구 한강대로,405.0,,1117010700100430205024398,서울역(철도역),서울특별시 용산구 한강대로 405,140761,4320,,4,,126.971711545358,37.5548283309992
242265,MA010120220814244487,롯데아울렛스케쳐스,,G2,소매,G209,섬유·의복·신발 소매,G20910,신발 소매업,G47430,신발 소매업,11,서울특별시,11170,용산구,11170530,남영동,1117010700,동자동,1117010700100430205,1,대지,43,205.0,서울특별시 용산구 동자동 43-205,111702005005,서울특별시 용산구 한강대로,405.0,,1117010700100430205024398,서울역(철도역),서울특별시 용산구 한강대로 405,140761,4320,,4,,126.971711545358,37.5548283309992
242863,MA010120220801038864,연타발,,I2,음식,I201,한식,I20108,소고기 구이/찜,I56113,한식 육류 요리 전문점,11,서울특별시,11140,중구,11140540,회현동,1114011800,남대문로5가,1114011800105370000,1,대지,537,,서울특별시 중구 남대문로5가 537,111403101011,서울특별시 중구 퇴계로,10.0,,1114011800105370000021773,메트로타워,서울특별시 중구 퇴계로 10,100722,4637,,1,,126.974328893481,37.5562657344346
243630,MA010120220813311971,와이컨셉서울역사점,,G2,소매,G209,섬유·의복·신발 소매,G20910,신발 소매업,G47430,신발 소매업,11,서울특별시,11170,용산구,11170530,남영동,1117010700,동자동,1117010700100430205,1,대지,43,205.0,서울특별시 용산구 동자동 43-205,111702005005,서울특별시 용산구 한강대로,405.0,,1117010700100430205024398,서울역(철도역),서울특별시 용산구 한강대로 405,140761,4320,,2,,126.971711545358,37.5548283309992
245840,MA010120220809647304,카페후식,,I2,음식,I212,비알코올 ,I21201,카페,I56221,커피 전문점,11,서울특별시,11170,용산구,11170530,남영동,1117010700,동자동,1117010700100430205,1,대지,43,205.0,서울특별시 용산구 동자동 43-205,111702005005,서울특별시 용산구 한강대로,405.0,,1117010700100430205024398,서울역(철도역),서울특별시 용산구 한강대로 405,140761,4320,,,,126.971711545358,37.5548283309992
246655,MA010120220802284408,캉골롯데서울역아울렛,,G2,소매,G209,섬유·의복·신발 소매,G20905,기타 의류 소매업,G47414,셔츠 및 블라우스 소매업,11,서울특별시,11170,용산구,11170530,남영동,1117010700,동자동,1117010700100430205,1,대지,43,205.0,서울특별시 용산구 동자동 43-205,111702005005,서울특별시 용산구 한강대로,405.0,,1117010700100430205024398,서울역(철도역),서울특별시 용산구 한강대로 405,140761,4320,,4,,126.971711545358,37.5548283309992
247423,MA010120220813940656,동원홈푸드크리스피프레시서울,,I2,음식,I212,비알코올 ,I21201,카페,I56221,커피 전문점,11,서울특별시,11140,중구,11140540,회현동,1114011800,남대문로5가,1114011800105410000,1,대지,541,,서울특별시 중구 남대문로5가 541,111402005005,서울특별시 중구 한강대로,416.0,,1114011800105410000021354,서울스퀘어,서울특별시 중구 한강대로 416,100714,4637,,1,,126.973739611968,37.5554947274348
249566,MA010120220812655827,고또,,I2,음식,I212,비알코올 ,I21201,카페,I56229,기타 비알코올 음료점업,11,서울특별시,11140,중구,11140540,회현동,1114011800,남대문로5가,1114011800100840011,1,대지,84,11.0,서울특별시 중구 남대문로5가 84-11,111403000008,서울특별시 중구 통일로,10.0,,1114011800100840011021410,연세대학교세브란스빌딩,서울특별시 중구 통일로 10,100753,4527,,1,,126.973615890497,37.5570884974281
250850,MA010120220801833112,미셸서울역,,G2,소매,G209,섬유·의복·신발 소매,G20910,신발 소매업,G47430,신발 소매업,11,서울특별시,11170,용산구,11170530,남영동,1117010700,동자동,1117010700100430205,1,대지,43,205.0,서울특별시 용산구 동자동 43-205,111702005005,서울특별시 용산구 한강대로,405.0,,1117010700100430205024398,서울역(철도역),서울특별시 용산구 한강대로 405,140761,4320,,2,,126.971711545358,37.5548283309992
252620,MA010120220812075110,지에스25에스서울역,,G2,소매,G204,종합 소매,G20405,편의점,G47122,체인화 편의점,11,서울특별시,11170,용산구,11170530,남영동,1117010700,동자동,1117010700100430205,1,대지,43,205.0,서울특별시 용산구 동자동 43-205,111702005005,서울특별시 용산구 한강대로,405.0,,1117010700100430205024398,서울역(철도역),서울특별시 용산구 한강대로 405,140761,4320,,3,,126.971711545358,37.5548283309992
252988,MA0101202303A0061281,테이즈비,,M1,과학·기술,M105,광고,M10501,광고 대행업,M71310,광고 대행업,11,서울특별시,11140,중구,11140540,회현동,1114011800,남대문로5가,1114011800105410000,1,대지,541,,서울특별시 중구 남대문로5가 541,111402005005,서울특별시 중구 한강대로,416.0,,1114011800105410000021354,서울스퀘어,서울특별시 중구 한강대로 416,100714,4637,,14,,126.973739611968,37.5554947274348
258347,MA0106202301A2196894,씨제이올리브영서울스퀘어,,G2,소매,G204,종합 소매,G20405,편의점,G47122,체인화 편의점,11,서울특별시,11140,중구,11140540,회현동,1114011800,남대문로5가,1114011800105410000,1,대지,541,,서울특별시 중구 남대문로5가 541,111402005005,서울특별시 중구 한강대로,416.0,,1114011800105410000021354,서울스퀘어,서울특별시 중구 한강대로 416,100714,4637,,1,,126.973739611968,37.5554947274348
262271,MA0106202301A0054475,코레일유통서울역,,G2,소매,G204,종합 소매,G20404,슈퍼마켓,G47129,기타 음ㆍ식료품 위주 종합 소매업,11,서울특별시,11170,용산구,11170530,남영동,1117010700,동자동,1117010700100430205,1,대지,43,205.0,서울특별시 용산구 동자동 43-205,111702005005,서울특별시 용산구 한강대로,405.0,,1117010700100430205024398,서울역(철도역),서울특별시 용산구 한강대로 405,140761,4320,,,,126.971711545358,37.5548283309992
262955,MA010120220800336516,잠실점,,G2,소매,G209,섬유·의복·신발 소매,G20902,여성 의류 소매업,G47412,여자용 겉옷 소매업,11,서울특별시,11170,용산구,11170530,남영동,1117010700,동자동,1117010700100430205,1,대지,43,205.0,서울특별시 용산구 동자동 43-205,111702005005,서울특별시 용산구 한강대로,405.0,,1117010700100430205024398,서울역(철도역),서울특별시 용산구 한강대로 405,140761,4320,,,,126.971711545358,37.5548283309992
264915,MA010120220811901562,샐러디,,I2,음식,I204,서양식,I20401,경양식,I56123,서양식 음식점업,11,서울특별시,11140,중구,11140540,회현동,1114011800,남대문로5가,1114011800105410000,1,대지,541,,서울특별시 중구 남대문로5가 541,111402005005,서울특별시 중구 한강대로,416.0,,1114011800105410000021354,서울스퀘어,서울특별시 중구 한강대로 416,100714,4637,,1,,126.973739611968,37.5554947274348
265182,MA010120220813654229,철도공익복지재단,,I2,음식,I210,기타 간이,I21007,김밥/만두/분식,I56194,김밥 및 기타 간이 음식점업,11,서울특별시,11170,용산구,11170530,남영동,1117010700,동자동,1117010700100430205,1,대지,43,205.0,서울특별시 용산구 동자동 43-205,111702005005,서울특별시 용산구 한강대로,405.0,,1117010700100430205024398,서울역(철도역),서울특별시 용산구 한강대로 405,140761,4320,,2,,126.971711545358,37.5548283309992
266039,MA010120220810037591,핀즐,,G2,소매,G218,장식품 소매,G21801,예술품 소매업,G47841,예술품 및 골동품 소매업,11,서울특별시,11140,중구,11140540,회현동,1114011800,남대문로5가,1114011800105410000,1,대지,541,,서울특별시 중구 남대문로5가 541,111402005005,서울특별시 중구 한강대로,416.0,,1114011800105410000021354,서울스퀘어,서울특별시 중구 한강대로 416,100714,4637,,13,,126.973739611968,37.5554947274348
267065,MA010120220800261170,담배가게,,G2,소매,G213,오락용품 소매,G21301,서점,G47611,"서적, 신문 및 잡지류 소매업",11,서울특별시,11170,용산구,11170530,남영동,1117010700,동자동,1117010700100430067,1,대지,43,67.0,서울특별시 용산구 동자동 43-67,111702005005,서울특별시 용산구 한강대로,403.0,1.0,1117010700100430067000001,가로판매대,서울특별시 용산구 한강대로 403-1,140821,4320,,,,126.972317256192,37.5544011042206
267827,MA010120220800135960,아이스웰,,G2,소매,G216,안경·정밀기기 소매,G21602,안경렌즈 소매업,G47822,안경 및 렌즈 소매업,11,서울특별시,11140,중구,11140540,회현동,1114011800,남대문로5가,1114011800100840011,1,대지,84,11.0,서울특별시 중구 남대문로5가 84-11,111403000008,서울특별시 중구 통일로,10.0,,1114011800100840011021410,연세대학교세브란스빌딩,서울특별시 중구 통일로 10,100753,4527,,,,126.973615890497,37.5570884974281
268875,MA010120220806033480,캘빈클라인진,,G2,소매,G209,섬유·의복·신발 소매,G20905,기타 의류 소매업,G47414,셔츠 및 블라우스 소매업,11,서울특별시,11170,용산구,11170530,남영동,1117010700,동자동,1117010700100430205,1,대지,43,205.0,서울특별시 용산구 동자동 43-205,111702005005,서울특별시 용산구 한강대로,405.0,,1117010700100430205024398,서울역(철도역),서울특별시 용산구 한강대로 405,140761,4320,,4,,126.971711545358,37.5548283309992
271493,MA0106202301A0044346,롯데리아서울역사,,I2,음식,I210,기타 간이,I21003,피자,I56192,"피자, 햄버거, 샌드위치 및 유사 음식점업",11,서울특별시,11170,용산구,11170530,남영동,1117010700,동자동,1117010700100430205,1,대지,43,205.0,서울특별시 용산구 동자동 43-205,111702005005,서울특별시 용산구 한강대로,405.0,,1117010700100430205024398,서울역(철도역),서울특별시 용산구 한강대로 405,140761,4320,,1,,126.971711545358,37.5548283309992
273628,MA010120220805100998,엠씨서울역,,G2,소매,G209,섬유·의복·신발 소매,G20902,여성 의류 소매업,G47412,여자용 겉옷 소매업,11,서울특별시,11170,용산구,11170530,남영동,1117010700,동자동,1117010700100430205,1,대지,43,205.0,서울특별시 용산구 동자동 43-205,111702005005,서울특별시 용산구 한강대로,405.0,,1117010700100430205024398,서울역(철도역),서울특별시 용산구 한강대로 405,140761,4320,,3,,126.971711545358,37.5548283309992
274674,MA010120220806625967,B/A서울역아울렛,,G2,소매,G209,섬유·의복·신발 소매,G20902,여성 의류 소매업,G47412,여자용 겉옷 소매업,11,서울특별시,11170,용산구,11170530,남영동,1117010700,동자동,1117010700100430205,1,대지,43,205.0,서울특별시 용산구 동자동 43-205,111702005005,서울특별시 용산구 한강대로,405.0,,1117010700100430205024398,서울역(철도역),서울특별시 용산구 한강대로 405,140761,4320,,3,,126.971711545358,37.5548283309992
275037,MA010120220801010905,크립톤,,M1,과학·기술,M107,본사·경영 컨설팅,M10703,경영 컨설팅업,M71531,경영 컨설팅업,11,서울특별시,11140,중구,11140540,회현동,1114011800,남대문로5가,1114011800100840011,1,대지,84,11.0,서울특별시 중구 남대문로5가 84-11,111403000008,서울특별시 중구 통일로,10.0,,1114011800100840011021410,연세대학교세브란스빌딩,서울특별시 중구 통일로 10,100753,4527,,17,,126.973615890497,37.5570884974281
276150,MA010120220806816090,서울역연세공감의원,,Q1,보건의료,Q102,의원,Q10209,기타 의원,Q86201,일반의원,11,서울특별시,11140,중구,11140540,회현동,1114011800,남대문로5가,1114011800105370000,1,대지,537,,서울특별시 중구 남대문로5가 537,111403101011,서울특별시 중구 퇴계로,10.0,,1114011800105370000021773,메트로타워,서울특별시 중구 퇴계로 10,100722,4637,,4,,126.974328893481,37.5562657344346
278534,MA010120220800245313,여행이좋은사람들,,N1,시설관리·임대,N105,여행사·보조,N10501,여행사,N75210,여행사업,11,서울특별시,11140,중구,11140540,회현동,1114011800,남대문로5가,1114011800100840011,1,대지,84,11.0,서울특별시 중구 남대문로5가 84-11,111403000008,서울특별시 중구 통일로,10.0,,1114011800100840011021410,연세대학교세브란스빌딩,서울특별시 중구 통일로 10,100753,4527,,17,,126.973615890497,37.5570884974281
278792,MA010120220804262040,린롯데아울렛,,G2,소매,G209,섬유·의복·신발 소매,G20902,여성 의류 소매업,G47412,여자용 겉옷 소매업,11,서울특별시,11170,용산구,11170530,남영동,1117010700,동자동,1117010700100430205,1,대지,43,205.0,서울특별시 용산구 동자동 43-205,111702005005,서울특별시 용산구 한강대로,405.0,,1117010700100430205024398,서울역(철도역),서울특별시 용산구 한강대로 405,140761,4320,,2,,126.971711545358,37.5548283309992
283200,MA010120220800120608,아이더서울역,,G2,소매,G209,섬유·의복·신발 소매,G20905,기타 의류 소매업,G47414,셔츠 및 블라우스 소매업,11,서울특별시,11170,용산구,11170530,남영동,1117010700,동자동,1117010700100430205,1,대지,43,205.0,서울특별시 용산구 동자동 43-205,111702005005,서울특별시 용산구 한강대로,405.0,,1117010700100430205024398,서울역(철도역),서울특별시 용산구 한강대로 405,140761,4320,,4,,126.971711545358,37.5548283309992
283356,MA010120220809678513,펜인베스트먼트,,M1,과학·기술,M107,본사·경영 컨설팅,M10703,경영 컨설팅업,M71531,경영 컨설팅업,11,서울특별시,11140,중구,11140540,회현동,1114011800,남대문로5가,1114011800105410000,1,대지,541,,서울특별시 중구 남대문로5가 541,111402005005,서울특별시 중구 한강대로,416.0,,1114011800105410000021354,서울스퀘어,서울특별시 중구 한강대로 416,100714,4637,,13,,126.973739611968,37.5554947274348
284105,MA010120220800324580,마이에프앤비,,I2,음식,I212,비알코올 ,I21201,카페,I56221,커피 전문점,11,서울특별시,11140,중구,11140540,회현동,1114011800,남대문로5가,1114011800105370000,1,대지,537,,서울특별시 중구 남대문로5가 537,111403101011,서울특별시 중구 퇴계로,10.0,,1114011800105370000021773,메트로타워,서울특별시 중구 퇴계로 10,100722,4637,,7,,126.974328893481,37.5562657344346
286873,MA010120220805233484,서울연인단팥빵,,I2,음식,I210,기타 간이,I21001,빵/도넛,I56191,제과점업,11,서울특별시,11170,용산구,11170530,남영동,1117010700,동자동,1117010700100430205,1,대지,43,205.0,서울특별시 용산구 동자동 43-205,111702005005,서울특별시 용산구 한강대로,405.0,,1117010700100430205024398,서울역(철도역),서울특별시 용산구 한강대로 405,140761,4320,,2,,126.971711545358,37.5548283309992
289467,MA010120220813962216,히코코,,I2,음식,I212,비알코올 ,I21201,카페,I56229,기타 비알코올 음료점업,11,서울특별시,11140,중구,11140540,회현동,1114011800,남대문로5가,1114011800100840011,1,대지,84,11.0,서울특별시 중구 남대문로5가 84-11,111403000008,서울특별시 중구 통일로,10.0,,1114011800100840011021410,연세대학교세브란스빌딩,서울특별시 중구 통일로 10,100753,4527,,1,,126.973615890497,37.5570884974281
292457,MA0101202209A0057542,디엔프라퍼티스제3호,,M1,과학·기술,M107,본사·경영 컨설팅,M10703,경영 컨설팅업,M71531,경영 컨설팅업,11,서울특별시,11140,중구,11140540,회현동,1114011800,남대문로5가,1114011800105410000,1,대지,541,,서울특별시 중구 남대문로5가 541,111402005005,서울특별시 중구 한강대로,416.0,,1114011800105410000021354,서울스퀘어,서울특별시 중구 한강대로 416,100714,4637,,4,,126.973739611968,37.5554947274348
294738,MA010120220804803906,누리분식,,I2,음식,I210,기타 간이,I21007,김밥/만두/분식,I56194,김밥 및 기타 간이 음식점업,11,서울특별시,11170,용산구,11170530,남영동,1117010700,동자동,1117010700100430205,1,대지,43,205.0,서울특별시 용산구 동자동 43-205,111702005005,서울특별시 용산구 한강대로,405.0,,1117010700100430205024398,서울역(철도역),서울특별시 용산구 한강대로 405,140761,4320,,2,,126.971711545358,37.5548283309992
295172,MA010120220803844443,다이나핏롯데아울렛,,G2,소매,G209,섬유·의복·신발 소매,G20905,기타 의류 소매업,G47419,기타 의복 소매업,11,서울특별시,11170,용산구,11170530,남영동,1117010700,동자동,1117010700100430205,1,대지,43,205.0,서울특별시 용산구 동자동 43-205,111702005005,서울특별시 용산구 한강대로,405.0,,1117010700100430205024398,서울역(철도역),서울특별시 용산구 한강대로 405,140761,4320,,4,,126.971711545358,37.5548283309992
298404,MA0106202301A0210406,아띠루싱,광화문,I2,음식,I201,한식,I20101,백반/한정식,I56111,한식 일반 음식점업,11,서울특별시,11140,중구,11140540,회현동,1114011800,남대문로5가,1114011800105410000,1,대지,541,,서울특별시 중구 남대문로5가 541,111402005005,서울특별시 중구 한강대로,416.0,,1114011800105410000021354,서울스퀘어,서울특별시 중구 한강대로 416,100714,4637,,1,,126.973739611968,37.5554947274348
299198,MA010120220810307269,올댓메이커,,M1,과학·기술,M107,본사·경영 컨설팅,M10703,경영 컨설팅업,M71531,경영 컨설팅업,11,서울특별시,11140,중구,11140540,회현동,1114011800,남대문로5가,1114011800105410000,1,대지,541,,서울특별시 중구 남대문로5가 541,111402005005,서울특별시 중구 한강대로,416.0,,1114011800105410000021354,서울스퀘어,서울특별시 중구 한강대로 416,100714,4637,,15,,126.973739611968,37.5554947274348
300137,MA010120220802969516,리김밥연세세브란스빌딩점,,I2,음식,I210,기타 간이,I21007,김밥/만두/분식,I56194,김밥 및 기타 간이 음식점업,11,서울특별시,11140,중구,11140540,회현동,1114011800,남대문로5가,1114011800100840011,1,대지,84,11.0,서울특별시 중구 남대문로5가 84-11,111403000008,서울특별시 중구 통일로,10.0,,1114011800100840011021410,연세대학교세브란스빌딩,서울특별시 중구 통일로 10,100753,4527,,1,,126.973615890497,37.5570884974281
301526,MA010120220800792543,P.J상사,,G2,소매,G209,섬유·의복·신발 소매,G20901,남성 의류 소매업,G47411,남자용 겉옷 소매업,11,서울특별시,11170,용산구,11170530,남영동,1117010700,동자동,1117010700100430205,1,대지,43,205.0,서울특별시 용산구 동자동 43-205,111702005005,서울특별시 용산구 한강대로,405.0,,1117010700100430205024398,서울역(철도역),서울특별시 용산구 한강대로 405,140761,4320,,3,,126.971711545358,37.5548283309992
302209,MA0106202301A0926517,씨제이푸드빌제일제면소서울,스퀘어점,I2,음식,I210,기타 간이,I21003,피자,I56192,"피자, 햄버거, 샌드위치 및 유사 음식점업",11,서울특별시,11140,중구,11140540,회현동,1114011800,남대문로5가,1114011800105410000,1,대지,541,,서울특별시 중구 남대문로5가 541,111402005005,서울특별시 중구 한강대로,416.0,,1114011800105410000021354,서울스퀘어,서울특별시 중구 한강대로 416,100714,4637,,1,,126.973739611968,37.5554947274348
303294,MA010120220813773086,아트그라피,,M1,과학·기술,M105,광고,M10501,광고 대행업,M71310,광고 대행업,11,서울특별시,11140,중구,11140540,회현동,1114011800,남대문로5가,1114011800105410000,1,대지,541,,서울특별시 중구 남대문로5가 541,111402005005,서울특별시 중구 한강대로,416.0,,1114011800105410000021354,서울스퀘어,서울특별시 중구 한강대로 416,100714,4637,,13,,126.973739611968,37.5554947274348
305126,MA010120220805047464,쓰리디스트,,M1,과학·기술,M114,인쇄·제품제작,M11401,명함/간판/광고물 제작,C18111,경 인쇄업,11,서울특별시,11140,중구,11140540,회현동,1114011800,남대문로5가,1114011800105410000,1,대지,541,,서울특별시 중구 남대문로5가 541,111402005005,서울특별시 중구 한강대로,416.0,,1114011800105410000021354,서울스퀘어,서울특별시 중구 한강대로 416,100714,4637,,5,,126.973739611968,37.5554947274348
314280,MA010120220808666679,재경사,,M1,과학·기술,M105,광고,M10501,광고 대행업,M71310,광고 대행업,11,서울특별시,11140,중구,11140540,회현동,1114011800,남대문로5가,1114011800105410000,1,대지,541,,서울특별시 중구 남대문로5가 541,111402005005,서울특별시 중구 한강대로,416.0,,1114011800105410000021354,서울스퀘어,서울특별시 중구 한강대로 416,100714,4637,,14,,126.973739611968,37.5554947274348
317109,MA010120220809887723,비알던킨도너츠공항철도서울역사점,,I2,음식,I210,기타 간이,I21001,빵/도넛,I56191,제과점업,11,서울특별시,11170,용산구,11170530,남영동,1117010700,동자동,1117010700100430205,1,대지,43,205.0,서울특별시 용산구 동자동 43-205,111702005005,서울특별시 용산구 한강대로,405.0,,1117010700100430205024398,서울역(철도역),서울특별시 용산구 한강대로 405,140761,4320,,2,,126.971711545358,37.5548283309992
317276,MA010120220810014915,법률사무소세음,,M1,과학·기술,M103,법무관련 ,M10301,변호사,M71101,변호사업,11,서울특별시,11140,중구,11140540,회현동,1114011800,남대문로5가,1114011800105410000,1,대지,541,,서울특별시 중구 남대문로5가 541,111402005005,서울특별시 중구 한강대로,416.0,,1114011800105410000021354,서울스퀘어,서울특별시 중구 한강대로 416,100714,4637,,14,,126.973739611968,37.5554947274348
319359,MA010120220810812705,쉐프의한끼,,I2,음식,I203,일식,I20301,일식 회/초밥,I56122,일식 음식점업,11,서울특별시,11170,용산구,11170530,남영동,1117010700,동자동,1117010700100430205,1,대지,43,205.0,서울특별시 용산구 동자동 43-205,111702005005,서울특별시 용산구 한강대로,405.0,,1117010700100430205024398,서울역(철도역),서울특별시 용산구 한강대로 405,140761,4320,,2,,126.971711545358,37.5548283309992
321058,MA010120220811856498,비피피오프쇼어윈드,,M1,과학·기술,M107,본사·경영 컨설팅,M10703,경영 컨설팅업,M71531,경영 컨설팅업,11,서울특별시,11140,중구,11140540,회현동,1114011800,남대문로5가,1114011800105410000,1,대지,541,,서울특별시 중구 남대문로5가 541,111402005005,서울특별시 중구 한강대로,416.0,,1114011800105410000021354,서울스퀘어,서울특별시 중구 한강대로 416,100714,4637,,11,,126.973739611968,37.5554947274348
323125,MA010120220812388844,롯데서울역)오브제롯데서울역,,G2,소매,G209,섬유·의복·신발 소매,G20902,여성 의류 소매업,G47412,여자용 겉옷 소매업,11,서울특별시,11170,용산구,11170530,남영동,1117010700,동자동,1117010700100430205,1,대지,43,205.0,서울특별시 용산구 동자동 43-205,111702005005,서울특별시 용산구 한강대로,405.0,,1117010700100430205024398,서울역(철도역),서울특별시 용산구 한강대로 405,140761,4320,,2,,126.971711545358,37.5548283309992
325797,MA010120220813201544,기비키이스,,G2,소매,G209,섬유·의복·신발 소매,G20905,기타 의류 소매업,G47413,속옷 및 잠옷 소매업,11,서울특별시,11170,용산구,11170530,남영동,1117010700,동자동,1117010700100430205,1,대지,43,205.0,서울특별시 용산구 동자동 43-205,111702005005,서울특별시 용산구 한강대로,405.0,,1117010700100430205024398,서울역(철도역),서울특별시 용산구 한강대로 405,140761,4320,,3,,126.971711545358,37.5548283309992
326910,MA010120220813485786,미디컴웍스,,M1,과학·기술,M105,광고,M10599,기타 광고 관련 서비스업,M71399,그 외 기타 광고 관련 서비스업,11,서울특별시,11140,중구,11140540,회현동,1114011800,남대문로5가,1114011800105410000,1,대지,541,,서울특별시 중구 남대문로5가 541,111402005005,서울특별시 중구 한강대로,416.0,,1114011800105410000021354,서울스퀘어,서울특별시 중구 한강대로 416,100714,4637,,5,,126.973739611968,37.5554947274348
327402,MA010120220813625383,대홍기획,,M1,과학·기술,M105,광고,M10501,광고 대행업,M71310,광고 대행업,11,서울특별시,11140,중구,11140540,회현동,1114011800,남대문로5가,1114011800100840011,1,대지,84,11.0,서울특별시 중구 남대문로5가 84-11,111403000008,서울특별시 중구 통일로,10.0,,1114011800100840011021410,연세대학교세브란스빌딩,서울특별시 중구 통일로 10,100753,4527,,9,,126.973615890497,37.5570884974281
327621,MA010120220813555883,타니,,I2,음식,I203,일식,I20301,일식 회/초밥,I56122,일식 음식점업,11,서울특별시,11170,용산구,11170530,남영동,1117010700,동자동,1117010700100430205,1,대지,43,205.0,서울특별시 용산구 동자동 43-205,111702005005,서울특별시 용산구 한강대로,405.0,,1117010700100430205024398,서울역(철도역),서울특별시 용산구 한강대로 405,140761,4320,,4,,126.971711545358,37.5548283309992
332124,MA010120220800131585,마이셔츠,,G2,소매,G209,섬유·의복·신발 소매,G20905,기타 의류 소매업,G47414,셔츠 및 블라우스 소매업,11,서울특별시,11140,중구,11140540,회현동,1114011800,남대문로5가,1114011800100840011,1,대지,84,11.0,서울특별시 중구 남대문로5가 84-11,111403000008,서울특별시 중구 통일로,10.0,,1114011800100840011021410,연세대학교세브란스빌딩,서울특별시 중구 통일로 10,100753,4527,,B1,,126.973615890497,37.5570884974281
332153,MA010120220800137457,신의주찹쌀순대,,I2,음식,I201,한식,I20102,국/탕/찌개류,I56111,한식 일반 음식점업,11,서울특별시,11140,중구,11140540,회현동,1114011800,남대문로5가,1114011800105410000,1,대지,541,,서울특별시 중구 남대문로5가 541,111402005005,서울특별시 중구 한강대로,416.0,,1114011800105410000021354,서울스퀘어,서울특별시 중구 한강대로 416,100714,4637,,1,,126.973739611968,37.5554947274348
332243,MA010120220800139613,초이커피숍,,I2,음식,I212,비알코올 ,I21201,카페,I56221,커피 전문점,11,서울특별시,11140,중구,11140540,회현동,1114011800,남대문로5가,1114011800100840011,1,대지,84,11.0,서울특별시 중구 남대문로5가 84-11,111403000008,서울특별시 중구 통일로,10.0,,1114011800100840011021410,연세대학교세브란스빌딩,서울특별시 중구 통일로 10,100753,4527,,1,,126.973615890497,37.5570884974281
333831,MA010120220800284150,지고트롯데서울역,,G2,소매,G209,섬유·의복·신발 소매,G20905,기타 의류 소매업,G47416,가죽 및 모피 의복 소매업,11,서울특별시,11170,용산구,11170530,남영동,1117010700,동자동,1117010700100430205,1,대지,43,205.0,서울특별시 용산구 동자동 43-205,111702005005,서울특별시 용산구 한강대로,405.0,,1117010700100430205024398,서울역(철도역),서울특별시 용산구 한강대로 405,140761,4320,,2,,126.971711545358,37.5548283309992
336061,MA010120220800316169,파리크라상,,I2,음식,I210,기타 간이,I21001,빵/도넛,I56191,제과점업,11,서울특별시,11170,용산구,11170530,남영동,1117010700,동자동,1117010700100430205,1,대지,43,205.0,서울특별시 용산구 동자동 43-205,111702005005,서울특별시 용산구 한강대로,405.0,,1117010700100430205024398,서울역(철도역),서울특별시 용산구 한강대로 405,140761,4320,,1,,126.971711545358,37.5548283309992
340124,MA010120220800832276,미디컴,,M1,과학·기술,M105,광고,M10501,광고 대행업,M71310,광고 대행업,11,서울특별시,11140,중구,11140540,회현동,1114011800,남대문로5가,1114011800105410000,1,대지,541,,서울특별시 중구 남대문로5가 541,111402005005,서울특별시 중구 한강대로,416.0,,1114011800105410000021354,서울스퀘어,서울특별시 중구 한강대로 416,100714,4637,,5,,126.973739611968,37.5554947274348
342179,MA010120220801668171,하영호신촌설렁탕,,I2,음식,I201,한식,I20102,국/탕/찌개류,I56111,한식 일반 음식점업,11,서울특별시,11140,중구,11140540,회현동,1114011800,남대문로5가,1114011800105410000,1,대지,541,,서울특별시 중구 남대문로5가 541,111402005005,서울특별시 중구 한강대로,416.0,,1114011800105410000021354,서울스퀘어,서울특별시 중구 한강대로 416,100714,4637,,1,,126.973739611968,37.5554947274348
347117,MA010120220803527435,종합가판점,,G2,소매,G204,종합 소매,G20404,슈퍼마켓,G47129,기타 음ㆍ식료품 위주 종합 소매업,11,서울특별시,11140,중구,11140540,회현동,1114011800,남대문로5가,1114011800105200000,1,대지,520,,서울특별시 중구 남대문로5가 520,111403101011,서울특별시 중구 퇴계로,4.0,2.0,1114011800105200000000001,가로판매대8,서울특별시 중구 퇴계로 4-2,100802,4637,,,,126.973627383001,37.5562506277359
350050,MA010120220803906189,에디션앤드지,,G2,소매,G209,섬유·의복·신발 소매,G20901,남성 의류 소매업,G47411,남자용 겉옷 소매업,11,서울특별시,11170,용산구,11170530,남영동,1117010700,동자동,1117010700100430205,1,대지,43,205.0,서울특별시 용산구 동자동 43-205,111702005005,서울특별시 용산구 한강대로,405.0,,1117010700100430205024398,서울역(철도역),서울특별시 용산구 한강대로 405,140761,4320,,3,,126.971711545358,37.5548283309992
350578,MA010120220804143704,소담비빔국수,,I2,음식,I201,한식,I20105,국수/칼국수,I56112,한식 면 요리 전문점,11,서울특별시,11140,중구,11140540,회현동,1114011800,남대문로5가,1114011800100840011,1,대지,84,11.0,서울특별시 중구 남대문로5가 84-11,111403000008,서울특별시 중구 통일로,10.0,,1114011800100840011021410,연세대학교세브란스빌딩,서울특별시 중구 통일로 10,100753,4527,,1,,126.973615890497,37.5570884974281
355002,MA010120220804645178,지오지아,,G2,소매,G209,섬유·의복·신발 소매,G20901,남성 의류 소매업,G47411,남자용 겉옷 소매업,11,서울특별시,11170,용산구,11170530,남영동,1117010700,동자동,1117010700100430205,1,대지,43,205.0,서울특별시 용산구 동자동 43-205,111702005005,서울특별시 용산구 한강대로,405.0,,1117010700100430205024398,서울역(철도역),서울특별시 용산구 한강대로 405,140761,4320,,3,,126.971711545358,37.5548283309992
356821,MA010120220805232655,뚜레쥬르서울역,,I2,음식,I210,기타 간이,I21001,빵/도넛,I56191,제과점업,11,서울특별시,11170,용산구,11170530,남영동,1117010700,동자동,1117010700100430205,1,대지,43,205.0,서울특별시 용산구 동자동 43-205,111702005005,서울특별시 용산구 한강대로,405.0,,1117010700100430205024398,서울역(철도역),서울특별시 용산구 한강대로 405,140761,4320,,3,,126.971711545358,37.5548283309992
359051,MA0101202209A0024251,디엔프라퍼티스제2호,,M1,과학·기술,M107,본사·경영 컨설팅,M10703,경영 컨설팅업,M71531,경영 컨설팅업,11,서울특별시,11140,중구,11140540,회현동,1114011800,남대문로5가,1114011800105410000,1,대지,541,,서울특별시 중구 남대문로5가 541,111402005005,서울특별시 중구 한강대로,416.0,,1114011800105410000021354,서울스퀘어,서울특별시 중구 한강대로 416,100714,4637,,4,,126.973739611968,37.5554947274348
360155,MA0106202301A0146934,커피빈서울상,스퀘어점,I2,음식,I212,비알코올 ,I21201,카페,I56229,기타 비알코올 음료점업,11,서울특별시,11140,중구,11140540,회현동,1114011800,남대문로5가,1114011800105410000,1,대지,541,,서울특별시 중구 남대문로5가 541,111402005005,서울특별시 중구 한강대로,416.0,,1114011800105410000021354,서울스퀘어,서울특별시 중구 한강대로 416,100714,4637,,1,,126.973739611968,37.5554947274348
363328,MA0106202306A0995543,콜렉티보서울,스퀘어점,I2,음식,I212,비알코올 ,I21201,카페,I56221,커피 전문점,11,서울특별시,11140,중구,11140540,회현동,1114011800,남대문로5가,1114011800105410000,1,대지,541,,서울특별시 중구 남대문로5가 541,111402005005,서울특별시 중구 한강대로,416.0,,1114011800105410000021354,서울스퀘어,서울특별시 중구 한강대로 416,100714,4637,,1,,126.973739611968,37.5554947274348
363973,MA0101202306A0040636,오케이고,,M1,과학·기술,M112,전문 디자인,M11203,시각 디자인업,M73203,시각 디자인업,11,서울특별시,11140,중구,11140540,회현동,1114011800,남대문로5가,1114011800105410000,1,대지,541,,서울특별시 중구 남대문로5가 541,111402005005,서울특별시 중구 한강대로,416.0,,1114011800105410000021354,서울스퀘어,서울특별시 중구 한강대로 416,100714,4637,,14,,126.973739611968,37.5554947274348
367199,MA0101202311A0039932,소풍김밥,,I2,음식,I210,기타 간이,I21007,김밥/만두/분식,I56194,김밥 및 기타 간이 음식점업,11,서울특별시,11140,중구,11140540,회현동,1114011800,남대문로5가,1114011800100730006,1,대지,73,6.0,서울특별시 중구 남대문로5가 73-6,111402005001,서울특별시 중구 세종대로,2.0,,1114011800100730006000001,서울역1호선,서울특별시 중구 세종대로 2,100800,4527,,,,126.972539804909,37.5571512211371
367635,MA010120220805455888,에프투파트너스,,N1,시설관리·임대,N104,고용 알선,N10401,고용 알선업,N75110,고용 알선업,11,서울특별시,11140,중구,11140540,회현동,1114011800,남대문로5가,1114011800105410000,1,대지,541,,서울특별시 중구 남대문로5가 541,111402005005,서울특별시 중구 한강대로,416.0,,1114011800105410000021354,서울스퀘어,서울특별시 중구 한강대로 416,100714,4637,,14,,126.973739611968,37.5554947274348
370390,MA010120220806763496,"코레일유통서울역5,6번타는곳편의점",,N1,시설관리·임대,N107,사무 지원,N10799,기타 사무 지원 서비스업,N75919,기타 사무 지원 서비스업,11,서울특별시,11170,용산구,11170530,남영동,1117010700,동자동,1117010700100430205,1,대지,43,205.0,서울특별시 용산구 동자동 43-205,111702005005,서울특별시 용산구 한강대로,405.0,,1117010700100430205024398,서울역(철도역),서울특별시 용산구 한강대로 405,140761,4320,,,,126.971711545358,37.5548283309992
372985,MA010120220808026669,"서울역3,4번타는곳편의점",,G2,소매,G204,종합 소매,G20405,편의점,G47122,체인화 편의점,11,서울특별시,11170,용산구,11170530,남영동,1117010700,동자동,1117010700100430205,1,대지,43,205.0,서울특별시 용산구 동자동 43-205,111702005005,서울특별시 용산구 한강대로,405.0,,1117010700100430205024398,서울역(철도역),서울특별시 용산구 한강대로 405,140761,4320,,,,126.971711545358,37.5548283309992
375209,MA010120220808573725,메가엠지씨커피,,I2,음식,I212,비알코올 ,I21201,카페,I56221,커피 전문점,11,서울특별시,11170,용산구,11170530,남영동,1117010700,동자동,1117010700100430198,1,대지,43,198.0,서울특별시 용산구 동자동 43-198,111702005005,서울특별시 용산구 한강대로,403.0,,1117010700100430198000001,근생빌딩,서울특별시 용산구 한강대로 403,140821,4320,,1,,126.972182201935,37.5543458660445
375694,MA010120220808710648,비어드파파,,I2,음식,I211,주점,I21103,생맥주 전문,I56191,제과점업,11,서울특별시,11170,용산구,11170530,남영동,1117010700,동자동,1117010700100430205,1,대지,43,205.0,서울특별시 용산구 동자동 43-205,111702005005,서울특별시 용산구 한강대로,405.0,,1117010700100430205024398,서울역(철도역),서울특별시 용산구 한강대로 405,140761,4320,,2,,126.971711545358,37.5548283309992
377583,MA010120220809782045,크레용,,M1,과학·기술,M112,전문 디자인,M11201,인테리어 디자인업,M73201,인테리어 디자인업,11,서울특별시,11140,중구,11140540,회현동,1114011800,남대문로5가,1114011800100840011,1,대지,84,11.0,서울특별시 중구 남대문로5가 84-11,111403000008,서울특별시 중구 통일로,10.0,,1114011800100840011021410,연세대학교세브란스빌딩,서울특별시 중구 통일로 10,100753,4527,,17,,126.973615890497,37.5570884974281
377743,MA010120220809725567,서울역비너스,,G2,소매,G209,섬유·의복·신발 소매,G20905,기타 의류 소매업,G47413,속옷 및 잠옷 소매업,11,서울특별시,11170,용산구,11170530,남영동,1117010700,동자동,1117010700100430205,1,대지,43,205.0,서울특별시 용산구 동자동 43-205,111702005005,서울특별시 용산구 한강대로,405.0,,1117010700100430205024398,서울역(철도역),서울특별시 용산구 한강대로 405,140761,4320,,3,,126.971711545358,37.5548283309992
379123,MA010120220810203017,롯데아울렛앤드지,,G2,소매,G209,섬유·의복·신발 소매,G20901,남성 의류 소매업,G47411,남자용 겉옷 소매업,11,서울특별시,11170,용산구,11170530,남영동,1117010700,동자동,1117010700100430205,1,대지,43,205.0,서울특별시 용산구 동자동 43-205,111702005005,서울특별시 용산구 한강대로,405.0,,1117010700100430205024398,서울역(철도역),서울특별시 용산구 한강대로 405,140761,4320,,3,,126.971711545358,37.5548283309992
379348,MA010120220810130697,콘센서스,,M1,과학·기술,M106,시장 조사,M10601,시장 조사 및 여론 조사업,M71400,시장 조사 및 여론 조사업,11,서울특별시,11140,중구,11140540,회현동,1114011800,남대문로5가,1114011800105410000,1,대지,541,,서울특별시 중구 남대문로5가 541,111402005005,서울특별시 중구 한강대로,416.0,,1114011800105410000021354,서울스퀘어,서울특별시 중구 한강대로 416,100714,4637,,14,,126.973739611968,37.5554947274348
381543,MA010120220811716576,두산-타이거슈가,,I2,음식,I212,비알코올 ,I21201,카페,I56221,커피 전문점,11,서울특별시,11170,용산구,11170530,남영동,1117010700,동자동,1117010700100430205,1,대지,43,205.0,서울특별시 용산구 동자동 43-205,111702005005,서울특별시 용산구 한강대로,405.0,,1117010700100430205024398,서울역(철도역),서울특별시 용산구 한강대로 405,140761,4320,,,,126.971711545358,37.5548283309992
382895,MA010120220812158019,엘리트핏24,,R1,예술·스포츠,R103,스포츠 서비스,R10307,헬스장,R91132,체력 단련시설 운영업,11,서울특별시,11140,중구,11140540,회현동,1114011800,남대문로5가,1114011800100840011,1,대지,84,11.0,서울특별시 중구 남대문로5가 84-11,111403000008,서울특별시 중구 통일로,10.0,,1114011800100840011021410,연세대학교세브란스빌딩,서울특별시 중구 통일로 10,100753,4527,,1,,126.973615890497,37.5570884974281
382905,MA010120220812145931,에이치알커넥트,,M1,과학·기술,M107,본사·경영 컨설팅,M10703,경영 컨설팅업,M71531,경영 컨설팅업,11,서울특별시,11140,중구,11140540,회현동,1114011800,남대문로5가,1114011800105410000,1,대지,541,,서울특별시 중구 남대문로5가 541,111402005005,서울특별시 중구 한강대로,416.0,,1114011800105410000021354,서울스퀘어,서울특별시 중구 한강대로 416,100714,4637,,14,,126.973739611968,37.5554947274348
383585,MA010120220812266501,던킨도너츠공항철도서울역사점,,I2,음식,I210,기타 간이,I21001,빵/도넛,I56191,제과점업,11,서울특별시,11170,용산구,11170530,남영동,1117010700,동자동,1117010700100430205,1,대지,43,205.0,서울특별시 용산구 동자동 43-205,111702005005,서울특별시 용산구 한강대로,405.0,,1117010700100430205024398,서울역(철도역),서울특별시 용산구 한강대로 405,140761,4320,,2,,126.971711545358,37.5548283309992
388061,MA010120220813490118,드림서비스,,S2,수리·개인,S203,자동차 수리·세차,S20302,자동차 세차장,S95213,자동차 세차업,11,서울특별시,11140,중구,11140540,회현동,1114011800,남대문로5가,1114011800105410000,1,대지,541,,서울특별시 중구 남대문로5가 541,111402005005,서울특별시 중구 한강대로,416.0,,1114011800105410000021354,서울스퀘어,서울특별시 중구 한강대로 416,100714,4637,,5,,126.973739611968,37.5554947274348
389197,MA010120220813742898,겜마콘,,M1,과학·기술,M107,본사·경영 컨설팅,M10703,경영 컨설팅업,M71531,경영 컨설팅업,11,서울특별시,11140,중구,11140540,회현동,1114011800,남대문로5가,1114011800100840011,1,대지,84,11.0,서울특별시 중구 남대문로5가 84-11,111403000008,서울특별시 중구 통일로,10.0,,1114011800100840011021410,연세대학교세브란스빌딩,서울특별시 중구 통일로 10,100753,4527,,17,,126.973615890497,37.5570884974281
389617,MA010120220813891091,비티지부동산중개,,L1,부동산,L102,부동산 서비스,L10203,부동산 중개/대리업,L68221,부동산 중개 및 대리업,11,서울특별시,11140,중구,11140540,회현동,1114011800,남대문로5가,1114011800105370000,1,대지,537,,서울특별시 중구 남대문로5가 537,111403101011,서울특별시 중구 퇴계로,10.0,,1114011800105370000021773,메트로타워,서울특별시 중구 퇴계로 10,100722,4637,,2,,126.974328893481,37.5562657344346
389847,MA010120220813812010,미디컴엠,,M1,과학·기술,M105,광고,M10501,광고 대행업,M71310,광고 대행업,11,서울특별시,11140,중구,11140540,회현동,1114011800,남대문로5가,1114011800105410000,1,대지,541,,서울특별시 중구 남대문로5가 541,111402005005,서울특별시 중구 한강대로,416.0,,1114011800105410000021354,서울스퀘어,서울특별시 중구 한강대로 416,100714,4637,,5,,126.973739611968,37.5554947274348
393730,MA010120220800107388,롯데글로벌로지스,,N1,시설관리·임대,N101,시설관리,N10101,사업시설 유지·관리 서비스업,N74100,사업시설 유지ㆍ관리 서비스업,11,서울특별시,11140,중구,11140540,회현동,1114011800,남대문로5가,1114011800100840011,1,대지,84,11.0,서울특별시 중구 남대문로5가 84-11,111403000008,서울특별시 중구 통일로,10.0,,1114011800100840011021410,연세대학교세브란스빌딩,서울특별시 중구 통일로 10,100753,4527,,12,,126.973615890497,37.5570884974281
394589,MA010120220800305104,연세약국,,G2,소매,G215,의약·화장품 소매,G21501,약국,G47811,의약품 및 의료용품 소매업,11,서울특별시,11140,중구,11140540,회현동,1114011800,남대문로5가,1114011800100840011,1,대지,84,11.0,서울특별시 중구 남대문로5가 84-11,111403000008,서울특별시 중구 통일로,10.0,,1114011800100840011021410,연세대학교세브란스빌딩,서울특별시 중구 통일로 10,100753,4527,,1,,126.973615890497,37.5570884974281
394852,MA010120220800286521,GS25,,G2,소매,G204,종합 소매,G20405,편의점,G47122,체인화 편의점,11,서울특별시,11170,용산구,11170530,남영동,1117010700,동자동,1117010700100430120,1,대지,43,120.0,서울특별시 용산구 동자동 43-120,111702005005,서울특별시 용산구 한강대로,401.0,,1117010700100430120023031,,서울특별시 용산구 한강대로 401,140821,4320,,,,126.9723108887,37.5540406316575
394944,MA010120220800273668,떼제베,,I2,음식,I212,비알코올 ,I21201,카페,I56221,커피 전문점,11,서울특별시,11170,용산구,11170530,남영동,1117010700,동자동,1117010700100430050,1,대지,43,50.0,서울특별시 용산구 동자동 43-50,111702005005,서울특별시 용산구 한강대로,401.0,2.0,1117010700100430050023028,,서울특별시 용산구 한강대로 401-2,140821,4320,,2,,126.972274712624,37.5542025044847
398348,MA010120220800576171,콩지낙지,,I2,음식,I201,한식,I20112,해산물 구이/찜,I56111,한식 일반 음식점업,11,서울특별시,11140,중구,11140540,회현동,1114011800,남대문로5가,1114011800100840011,1,대지,84,11.0,서울특별시 중구 남대문로5가 84-11,111403000008,서울특별시 중구 통일로,10.0,,1114011800100840011021410,연세대학교세브란스빌딩,서울특별시 중구 통일로 10,100753,4527,,1,,126.973615890497,37.5570884974281
403191,MA010120220801448440,해답서울지사,,M1,과학·기술,M103,법무관련 ,M10307,공인노무사,M71109,기타 법무관련 서비스업,11,서울특별시,11140,중구,11140540,회현동,1114011800,남대문로5가,1114011800105410000,1,대지,541,,서울특별시 중구 남대문로5가 541,111402005005,서울특별시 중구 한강대로,416.0,,1114011800105410000021354,서울스퀘어,서울특별시 중구 한강대로 416,100714,4637,,14,,126.973739611968,37.5554947274348
403552,MA010120220801907714,소윤지윤유통,,G2,소매,G209,섬유·의복·신발 소매,G20901,남성 의류 소매업,G47411,남자용 겉옷 소매업,11,서울특별시,11170,용산구,11170530,남영동,1117010700,동자동,1117010700100430205,1,대지,43,205.0,서울특별시 용산구 동자동 43-205,111702005005,서울특별시 용산구 한강대로,405.0,,1117010700100430205024398,서울역(철도역),서울특별시 용산구 한강대로 405,140761,4320,,,,126.971711545358,37.5548283309992
403859,MA010120220802271953,커피스미스메트로,,I2,음식,I212,비알코올 ,I21201,카페,I56221,커피 전문점,11,서울특별시,11140,중구,11140540,회현동,1114011800,남대문로5가,1114011800105370000,1,대지,537,,서울특별시 중구 남대문로5가 537,111403101011,서울특별시 중구 퇴계로,10.0,,1114011800105370000021773,메트로타워,서울특별시 중구 퇴계로 10,100722,4637,,1,,126.974328893481,37.5562657344346
405147,MA010120220803084856,제이제이지고트,,G2,소매,G209,섬유·의복·신발 소매,G20903,유아용 의류 소매업,G47417,유아용 의류 소매업,11,서울특별시,11170,용산구,11170530,남영동,1117010700,동자동,1117010700100430205,1,대지,43,205.0,서울특별시 용산구 동자동 43-205,111702005005,서울특별시 용산구 한강대로,405.0,,1117010700100430205024398,서울역(철도역),서울특별시 용산구 한강대로 405,140761,4320,,3,,126.971711545358,37.5548283309992
411950,MA010120220804151293,영주당쌀강정오방떡,,I2,음식,I210,기타 간이,I21001,빵/도넛,I56191,제과점업,11,서울특별시,11170,용산구,11170530,남영동,1117010700,동자동,1117010700100430205,1,대지,43,205.0,서울특별시 용산구 동자동 43-205,111702005005,서울특별시 용산구 한강대로,405.0,,1117010700100430205024398,서울역(철도역),서울특별시 용산구 한강대로 405,140761,4320,,,,126.971711545358,37.5548283309992
414979,MA010120220804179971,정직한교육,,P1,교육,P107,교육 지원,P10799,기타 교육지원 서비스업,P85709,기타 교육지원 서비스업,11,서울특별시,11140,중구,11140540,회현동,1114011800,남대문로5가,1114011800100840011,1,대지,84,11.0,서울특별시 중구 남대문로5가 84-11,111403000008,서울특별시 중구 통일로,10.0,,1114011800100840011021410,연세대학교세브란스빌딩,서울특별시 중구 통일로 10,100753,4527,,17,,126.973615890497,37.5570884974281
420084,MA0101202209A0072371,디엔프라퍼티스제4호,,M1,과학·기술,M107,본사·경영 컨설팅,M10703,경영 컨설팅업,M71531,경영 컨설팅업,11,서울특별시,11140,중구,11140540,회현동,1114011800,남대문로5가,1114011800105410000,1,대지,541,,서울특별시 중구 남대문로5가 541,111402005005,서울특별시 중구 한강대로,416.0,,1114011800105410000021354,서울스퀘어,서울특별시 중구 한강대로 416,100714,4637,,4,,126.973739611968,37.5554947274348
420822,MA0101202212A0075446,리프레시셀바이오,,G2,소매,G215,의약·화장품 소매,G21502,의료기기 소매업,G47811,의약품 및 의료용품 소매업,11,서울특별시,11170,용산구,11170530,남영동,1117010700,동자동,1117010700100430050,1,대지,43,50.0,서울특별시 용산구 동자동 43-50,111702005005,서울특별시 용산구 한강대로,401.0,2.0,1117010700100430050023028,,서울특별시 용산구 한강대로 401-2,140821,4320,,3,,126.972274712624,37.5542025044847
429996,MA010120220814088941,피크윈드,,M1,과학·기술,M107,본사·경영 컨설팅,M10703,경영 컨설팅업,M71531,경영 컨설팅업,11,서울특별시,11140,중구,11140540,회현동,1114011800,남대문로5가,1114011800105410000,1,대지,541,,서울특별시 중구 남대문로5가 541,111402005005,서울특별시 중구 한강대로,416.0,,1114011800105410000021354,서울스퀘어,서울특별시 중구 한강대로 416,100714,4637,,11,,126.973739611968,37.5554947274348
434197,MA010120220800117751,중구가판12호,,G2,소매,G207,담배 소매,G20701,담배/전자담배 소매업,G47222,담배 소매업,11,서울특별시,11140,중구,11140540,회현동,1114011800,남대문로5가,1114011800105410000,1,대지,541,,서울특별시 중구 남대문로5가 541,111402005005,서울특별시 중구 한강대로,416.0,,1114011800105410000021354,서울스퀘어,서울특별시 중구 한강대로 416,100714,4637,,,,126.973739611968,37.5554947274348
437989,MA010120220801442930,SK매직서비스,,S2,수리·개인,S205,가전제품 수리,S20501,가전제품 수리업,S95310,가전제품 수리업,11,서울특별시,11140,중구,11140540,회현동,1114011800,남대문로5가,1114011800100840011,1,대지,84,11.0,서울특별시 중구 남대문로5가 84-11,111403000008,서울특별시 중구 통일로,10.0,,1114011800100840011021410,연세대학교세브란스빌딩,서울특별시 중구 통일로 10,100753,4527,,24,,126.973615890497,37.5570884974281
438974,MA010120220813413858,바쏘,,G2,소매,G209,섬유·의복·신발 소매,G20901,남성 의류 소매업,G47411,남자용 겉옷 소매업,11,서울특별시,11170,용산구,11170530,남영동,1117010700,동자동,1117010700100430205,1,대지,43,205.0,서울특별시 용산구 동자동 43-205,111702005005,서울특별시 용산구 한강대로,405.0,,1117010700100430205024398,서울역(철도역),서울특별시 용산구 한강대로 405,140761,4320,,3,,126.971711545358,37.5548283309992
439606,MA010120220805475741,본죽&비빔밥,,I2,음식,I201,한식,I20101,백반/한정식,I56111,한식 일반 음식점업,11,서울특별시,11140,중구,11140540,회현동,1114011800,남대문로5가,1114011800100840011,1,대지,84,11.0,서울특별시 중구 남대문로5가 84-11,111403000008,서울특별시 중구 통일로,10.0,,1114011800100840011021410,연세대학교세브란스빌딩,서울특별시 중구 통일로 10,100753,4527,,1,,126.973615890497,37.5570884974281
440413,MA010120220813381030,롯데아울렛아디다스골프,,G2,소매,G209,섬유·의복·신발 소매,G20905,기타 의류 소매업,G47419,기타 의복 소매업,11,서울특별시,11170,용산구,11170530,남영동,1117010700,동자동,1117010700100430205,1,대지,43,205.0,서울특별시 용산구 동자동 43-205,111702005005,서울특별시 용산구 한강대로,405.0,,1117010700100430205024398,서울역(철도역),서울특별시 용산구 한강대로 405,140761,4320,,3,,126.971711545358,37.5548283309992
442227,MA010120220810300211,유학플래너닷컴종로유학원,,P1,교육,P107,교육 지원,P10799,기타 교육지원 서비스업,P85709,기타 교육지원 서비스업,11,서울특별시,11140,중구,11140540,회현동,1114011800,남대문로5가,1114011800105410000,1,대지,541,,서울특별시 중구 남대문로5가 541,111402005005,서울특별시 중구 한강대로,416.0,,1114011800105410000021354,서울스퀘어,서울특별시 중구 한강대로 416,100714,4637,,14,,126.973739611968,37.5554947274348
442246,MA010120220813615587,더아맘,,I2,음식,I212,비알코올 ,I21201,카페,I56221,커피 전문점,11,서울특별시,11140,중구,11140540,회현동,1114011800,남대문로5가,1114011800105410000,1,대지,541,,서울특별시 중구 남대문로5가 541,111402005005,서울특별시 중구 한강대로,416.0,,1114011800105410000021354,서울스퀘어,서울특별시 중구 한강대로 416,100714,4637,,1,,126.973739611968,37.5554947274348
444645,MA010120220813114624,지에스25에스서울역,,G2,소매,G204,종합 소매,G20405,편의점,G47122,체인화 편의점,11,서울특별시,11170,용산구,11170530,남영동,1117010700,동자동,1117010700100430205,1,대지,43,205.0,서울특별시 용산구 동자동 43-205,111702005005,서울특별시 용산구 한강대로,405.0,,1117010700100430205024398,서울역(철도역),서울특별시 용산구 한강대로 405,140761,4320,,1,,126.971711545358,37.5548283309992
445168,MA010120220800129179,란생과일쥬스,,I2,음식,I212,비알코올 ,I21201,카페,I56229,기타 비알코올 음료점업,11,서울특별시,11140,중구,11140540,회현동,1114011800,남대문로5가,1114011800100840011,1,대지,84,11.0,서울특별시 중구 남대문로5가 84-11,111403000008,서울특별시 중구 통일로,10.0,,1114011800100840011021410,연세대학교세브란스빌딩,서울특별시 중구 통일로 10,100753,4527,,1,,126.973615890497,37.5570884974281
448678,MA010120220800139619,파워유통세븐일레븐메트로점,,G2,소매,G204,종합 소매,G20405,편의점,G47122,체인화 편의점,11,서울특별시,11140,중구,11140540,회현동,1114011800,남대문로5가,1114011800105370000,1,대지,537,,서울특별시 중구 남대문로5가 537,111403101011,서울특별시 중구 퇴계로,10.0,,1114011800105370000021773,메트로타워,서울특별시 중구 퇴계로 10,100722,4637,,1,,126.974328893481,37.5562657344346
449764,MA010120220800168024,비알서울역2호점,,I2,음식,I210,기타 간이,I21001,빵/도넛,I56191,제과점업,11,서울특별시,11170,용산구,11170530,남영동,1117010700,동자동,1117010700100430205,1,대지,43,205.0,서울특별시 용산구 동자동 43-205,111702005005,서울특별시 용산구 한강대로,405.0,,1117010700100430205024398,서울역(철도역),서울특별시 용산구 한강대로 405,140761,4320,,1,,126.971711545358,37.5548283309992
450772,MA010120220800135554,장호왕곱창.김치찌게,,I2,음식,I201,한식,I20101,백반/한정식,I56111,한식 일반 음식점업,11,서울특별시,11140,중구,11140540,회현동,1114011800,남대문로5가,1114011800105550000,1,대지,555,,서울특별시 중구 남대문로5가 555,111404103406,서울특별시 중구 후암로60길,13.0,,1114011800105550000021496,,서울특별시 중구 후암로60길 13,100802,4637,,1,,126.973875336139,37.5546759581148
451550,MA010120220811876350,공공서비스경영연구소,,M1,과학·기술,M107,본사·경영 컨설팅,M10703,경영 컨설팅업,M71531,경영 컨설팅업,11,서울특별시,11140,중구,11140540,회현동,1114011800,남대문로5가,1114011800105410000,1,대지,541,,서울특별시 중구 남대문로5가 541,111402005005,서울특별시 중구 한강대로,416.0,,1114011800105410000021354,서울스퀘어,서울특별시 중구 한강대로 416,100714,4637,,,,126.973739611968,37.5554947274348
452380,MA010120220803410364,이머징리더십인터벤션즈,,M1,과학·기술,M107,본사·경영 컨설팅,M10703,경영 컨설팅업,M71531,경영 컨설팅업,11,서울특별시,11140,중구,11140540,회현동,1114011800,남대문로5가,1114011800105410000,1,대지,541,,서울특별시 중구 남대문로5가 541,111402005005,서울특별시 중구 한강대로,416.0,,1114011800105410000021354,서울스퀘어,서울특별시 중구 한강대로 416,100714,4637,,14,,126.973739611968,37.5554947274348
452421,MA010120220803453362,스파이스마켓,,I2,음식,I205,동남아시아,I20501,베트남식 전문,I56129,기타 외국식 음식점업,11,서울특별시,11140,중구,11140540,회현동,1114011800,남대문로5가,1114011800105410000,1,대지,541,,서울특별시 중구 남대문로5가 541,111402005005,서울특별시 중구 한강대로,416.0,,1114011800105410000021354,서울스퀘어,서울특별시 중구 한강대로 416,100714,4637,,1,,126.973739611968,37.5554947274348
453197,MA010120220805224659,잭앤프라퍼티,,L1,부동산,L102,부동산 서비스,L10203,부동산 중개/대리업,L68221,부동산 중개 및 대리업,11,서울특별시,11140,중구,11140540,회현동,1114011800,남대문로5가,1114011800105370000,1,대지,537,,서울특별시 중구 남대문로5가 537,111403101011,서울특별시 중구 퇴계로,10.0,,1114011800105370000021773,메트로타워,서울특별시 중구 퇴계로 10,100722,4637,,1,,126.974328893481,37.5562657344346
457835,MA010120220806939941,롯데아울렛사만사타바사,,G2,소매,G209,섬유·의복·신발 소매,G20911,가방 소매업,G47440,가방 및 기타 가죽제품 소매업,11,서울특별시,11170,용산구,11170530,남영동,1117010700,동자동,1117010700100430205,1,대지,43,205.0,서울특별시 용산구 동자동 43-205,111702005005,서울특별시 용산구 한강대로,405.0,,1117010700100430205024398,서울역(철도역),서울특별시 용산구 한강대로 405,140761,4320,,2,,126.971711545358,37.5548283309992
458182,MA010120220809968019,닥터디자이너,,M1,과학·기술,M107,본사·경영 컨설팅,M10703,경영 컨설팅업,M71531,경영 컨설팅업,11,서울특별시,11140,중구,11140540,회현동,1114011800,남대문로5가,1114011800100840011,1,대지,84,11.0,서울특별시 중구 남대문로5가 84-11,111403000008,서울특별시 중구 통일로,10.0,,1114011800100840011021410,연세대학교세브란스빌딩,서울특별시 중구 통일로 10,100753,4527,,,,126.973615890497,37.5570884974281
459041,MA010120220805432791,금메달토스트,,I2,음식,I210,기타 간이,I21005,토스트/샌드위치/샐러드,I56192,"피자, 햄버거, 샌드위치 및 유사 음식점업",11,서울특별시,11170,용산구,11170530,남영동,1117010700,동자동,1117010700100430205,1,대지,43,205.0,서울특별시 용산구 동자동 43-205,111702005005,서울특별시 용산구 한강대로,405.0,,1117010700100430205024398,서울역(철도역),서울특별시 용산구 한강대로 405,140761,4320,,2,,126.971711545358,37.5548283309992
461509,MA010120220808171829,레뱅롯데아울렛,,G2,소매,G204,종합 소매,G20404,슈퍼마켓,G47221,음료 소매업,11,서울특별시,11170,용산구,11170530,남영동,1117010700,동자동,1117010700100430205,1,대지,43,205.0,서울특별시 용산구 동자동 43-205,111702005005,서울특별시 용산구 한강대로,405.0,,1117010700100430205024398,서울역(철도역),서울특별시 용산구 한강대로 405,140761,4320,,2,,126.971711545358,37.5548283309992
461718,MA010120220803315367,반포식스연세세브란스,,I2,음식,I205,동남아시아,I20501,베트남식 전문,I56129,기타 외국식 음식점업,11,서울특별시,11140,중구,11140540,회현동,1114011800,남대문로5가,1114011800100840011,1,대지,84,11.0,서울특별시 중구 남대문로5가 84-11,111403000008,서울특별시 중구 통일로,10.0,,1114011800100840011021410,연세대학교세브란스빌딩,서울특별시 중구 통일로 10,100753,4527,,1,,126.973615890497,37.5570884974281
462527,MA010120220812083572,카니발피자서울,,I2,음식,I210,기타 간이,I21003,피자,I56192,"피자, 햄버거, 샌드위치 및 유사 음식점업",11,서울특별시,11140,중구,11140540,회현동,1114011800,남대문로5가,1114011800105410000,1,대지,541,,서울특별시 중구 남대문로5가 541,111402005005,서울특별시 중구 한강대로,416.0,,1114011800105410000021354,서울스퀘어,서울특별시 중구 한강대로 416,100714,4637,,1,,126.973739611968,37.5554947274348
464218,MA010120220813809489,숏스트리트,,I2,음식,I212,비알코올 ,I21201,카페,I56221,커피 전문점,11,서울특별시,11140,중구,11140540,회현동,1114011800,남대문로5가,1114011800105410000,1,대지,541,,서울특별시 중구 남대문로5가 541,111402005005,서울특별시 중구 한강대로,416.0,,1114011800105410000021354,서울스퀘어,서울특별시 중구 한강대로 416,100714,4637,,1,,126.973739611968,37.5554947274348
473196,MA010120220812658250,쩐주단트루단,,I2,음식,I212,비알코올 ,I21201,카페,I56199,간이 음식 포장 판매 전문점,11,서울특별시,11170,용산구,11170530,남영동,1117010700,동자동,1117010700100430205,1,대지,43,205.0,서울특별시 용산구 동자동 43-205,111702005005,서울특별시 용산구 한강대로,405.0,,1117010700100430205024398,서울역(철도역),서울특별시 용산구 한강대로 405,140761,4320,,,,126.971711545358,37.5548283309992
480187,MA010120220800168030,비알서울역사2호점,,I2,음식,I210,기타 간이,I21007,김밥/만두/분식,I56194,김밥 및 기타 간이 음식점업,11,서울특별시,11170,용산구,11170530,남영동,1117010700,동자동,1117010700100430205,1,대지,43,205.0,서울특별시 용산구 동자동 43-205,111702005005,서울특별시 용산구 한강대로,405.0,,1117010700100430205024398,서울역(철도역),서울특별시 용산구 한강대로 405,140761,4320,,1,,126.971711545358,37.5548283309992
484618,MA010120220802783323,네파,,G2,소매,G209,섬유·의복·신발 소매,G20905,기타 의류 소매업,G47419,기타 의복 소매업,11,서울특별시,11170,용산구,11170530,남영동,1117010700,동자동,1117010700100430205,1,대지,43,205.0,서울특별시 용산구 동자동 43-205,111702005005,서울특별시 용산구 한강대로,405.0,,1117010700100430205024398,서울역(철도역),서울특별시 용산구 한강대로 405,140761,4320,,4,,126.971711545358,37.5548283309992
485354,MA010120220812693404,엔피프틴,,P1,교육,P106,기타 교육,P10621,직원 훈련기관,P85650,직원 훈련기관,11,서울특별시,11140,중구,11140540,회현동,1114011800,남대문로5가,1114011800105410000,1,대지,541,,서울특별시 중구 남대문로5가 541,111402005005,서울특별시 중구 한강대로,416.0,,1114011800105410000021354,서울스퀘어,서울특별시 중구 한강대로 416,100714,4637,,5,,126.973739611968,37.5554947274348
488010,MA010120220802910133,에디션앤드지롯데,,G2,소매,G209,섬유·의복·신발 소매,G20905,기타 의류 소매업,G47414,셔츠 및 블라우스 소매업,11,서울특별시,11170,용산구,11170530,남영동,1117010700,동자동,1117010700100430205,1,대지,43,205.0,서울특별시 용산구 동자동 43-205,111702005005,서울특별시 용산구 한강대로,405.0,,1117010700100430205024398,서울역(철도역),서울특별시 용산구 한강대로 405,140761,4320,,3,,126.971711545358,37.5548283309992
